Issuer Name;Ticker;Cpn;Maturity;Series;BBG Composite;Mty Type;Currency;Yld to Mty (Bid);Ask Convexity;Bid Convexity;Next Cpn Dt;Mty (Years Frm Tdy);1st Cpn Pd Typ;Coupon Type
Banco Davivienda SA;DAVIVI;6.65;#N/A Field Not Applicable;REGS;B;PERP/CALL;USD;11.03445618;0.396737492;0.393232583;22/10/2023;#N/A Field Not Applicable;Normal;VARIABLE
Banco Davivienda SA;DAVIVI;6.65;#N/A Field Not Applicable;144A;B;PERP/CALL;USD;10.97899818;0.397442666;0.394201269;22/10/2023;#N/A Field Not Applicable;Normal;VARIABLE
Transtel Pass Through Trust;TRNTEL;12.5;1/11/2007;#N/A Field Not Applicable;NR;CALLABLE;USD;#N/A N/A;#N/A N/A;#N/A N/A;#N/A Field Not Applicable;-15.4880219;Normal;DEFAULTED
Transtel Pass Through Trust;TRNTEL;12.5;1/11/2007;REGS;NR;CALLABLE;USD;#N/A N/A;#N/A N/A;#N/A N/A;#N/A Field Not Applicable;-15.4880219;Normal;DEFAULTED
Transtel Pass Through Trust;TRNTEL;12.5;1/11/2007;144A;NR;CALLABLE;USD;#N/A N/A;#N/A N/A;#N/A N/A;#N/A Field Not Applicable;-15.4880219;Normal;DEFAULTED
Transtel Intermedia SA;TRNTEL;12;1/06/2016;144A;NR;AT MATURITY;USD;#N/A N/A;#N/A N/A;#N/A N/A;#N/A Field Not Applicable;-6.904859685;Normal;DEFAULTED
Transtel Intermedia SA;TRNTEL;12;1/06/2016;REGS;NR;AT MATURITY;USD;#N/A N/A;#N/A N/A;#N/A N/A;#N/A Field Not Applicable;-6.904859685;Normal;DEFAULTED
Transtel Intermedia SA;TRNTEL;9;1/12/2016;#N/A Field Not Applicable;#N/A N/A;SINKABLE;USD;18000;#N/A N/A;#N/A N/A;#N/A Field Not Applicable;-6.403832991;Short First;DEFAULTED
Transtel Intermedia SA;TRNTEL;9;1/12/2016;*;#N/A N/A;SINKABLE;USD;18000;#N/A N/A;#N/A N/A;#N/A Field Not Applicable;-6.403832991;Short First;DEFAULTED
Trayectoria Oil & Gas SA;TRAYOG;12.5;15/04/2017;EMTN;#N/A N/A;SINKABLE;USD;#N/A N/A;#N/A N/A;#N/A N/A;#N/A Field Not Applicable;-6.034223135;Long First;DEFAULTED
Enel Colombia SA ESP;EMGSA;16.491056;13/12/2022;B10;#N/A N/A;AT MATURITY;COP;#N/A N/A;#N/A N/A;#N/A N/A;13/12/2022;-0.372347707;Normal;FLOATING
Gilex Holding Sarl;GILHDG;8.5;2/05/2023;144A;B+;CALLABLE;USD;589.8640974;1.50081E-07;1.49355E-07;2/05/2023;0.010951403;Normal;FIXED
Gilex Holding Sarl;GILHDG;8.5;2/05/2023;REGS;B+;CALLABLE;USD;688.2293424;1.50953E-07;1.48646E-07;2/05/2023;0.010951403;Normal;FIXED
Grupo de Inversiones Suramericana SA;GRUPOS;17.64692;7/05/2023;D9;#N/A N/A;AT MATURITY;COP;#N/A N/A;#N/A N/A;#N/A N/A;7/05/2023;0.024640657;Normal;FLOATING
Banco Popular SA;BCOPOP;16.7381;8/05/2023;C5;#N/A N/A;AT MATURITY;COP;#N/A N/A;#N/A N/A;#N/A N/A;8/05/2023;0.027378508;Normal;FLOATING
Banco Popular SA;BCOPOP;6.68;8/05/2023;B5;#N/A N/A;AT MATURITY;COP;#N/A N/A;#N/A N/A;#N/A N/A;8/05/2023;0.027378508;Normal;FIXED
Cementos Argos SA;CEMCAR;6.65;24/05/2023;A6;#N/A N/A;AT MATURITY;COP;#N/A N/A;#N/A N/A;#N/A N/A;24/05/2023;0.07118412;Normal;FIXED
Banco de Comercio Exterior de Colombia SA;BANDEX;16.57019;24/05/2023;A60;#N/A N/A;AT MATURITY;COP;#N/A N/A;#N/A N/A;#N/A N/A;24/05/2023;0.07118412;Normal;FLOATING
Banco de Comercio Exterior de Colombia SA;BANDEX;4.35;27/05/2023;B24;#N/A N/A;AT MATURITY;COP;#N/A N/A;#N/A N/A;#N/A N/A;27/05/2023;0.079397673;Normal;FIXED
Banco de Comercio Exterior de Colombia SA;BANDEX;13.661;27/05/2023;C24;#N/A N/A;AT MATURITY;COP;#N/A N/A;#N/A N/A;#N/A N/A;27/05/2023;0.079397673;Normal;FLOATING
Colombian TES Corto Plazo;COLTC;0;6/06/2023;364;#N/A N/A;AT MATURITY;COP;12.44012143;0.000968062;0.000935444;#N/A Field Not Applicable;0.106776181;#N/A Field Not Applicable;ZERO COUPON
Isagen SA ESP;ISAGEN;6.09;6/06/2023;A;#N/A N/A;AT MATURITY;COP;#N/A N/A;#N/A N/A;#N/A N/A;6/06/2023;0.106776181;Normal;FIXED
Organizacion Terpel SA;TERPCO;16.5424642;7/06/2023;C5;#N/A N/A;AT MATURITY;COP;#N/A N/A;#N/A N/A;#N/A N/A;7/06/2023;0.109514031;Normal;FLOATING
Grupo Bolivar SA;BOLI;17.408906;11/06/2023;C9;#N/A N/A;AT MATURITY;COP;#N/A N/A;#N/A N/A;#N/A N/A;11/06/2023;0.120465435;Normal;FLOATING
RCI Colombia SA Cia de Financiamiento;RENAUL;5.25;17/06/2023;A2;#N/A N/A;AT MATURITY;COP;#N/A N/A;#N/A N/A;#N/A N/A;17/06/2023;0.136892539;Normal;FIXED
Itau Corpbanca Colombia SA;SANCOL;16.893632;21/06/2023;C60;#N/A N/A;AT MATURITY;COP;#N/A N/A;#N/A N/A;#N/A N/A;21/06/2023;0.147843943;Normal;FLOATING
Banco de las Microfinanzas - Bancamia SA;BCAMIA;15.522944;22/06/2023;C2;#N/A N/A;AT MATURITY;COP;#N/A N/A;#N/A N/A;#N/A N/A;22/06/2023;0.150581793;Normal;FLOATING
Grupo de Inversiones Suramericana SA;GRUPOS;17.69792;22/06/2023;C7;#N/A N/A;AT MATURITY;COP;#N/A N/A;#N/A N/A;#N/A N/A;22/06/2023;0.150581793;Normal;FLOATING
Bancolombia SA;BCOLO;16.68353;18/07/2023;C5;#N/A N/A;AT MATURITY;COP;#N/A N/A;#N/A N/A;#N/A N/A;18/07/2023;0.221765914;Normal;FLOATING
Banco Davivienda SA;DAVIVI;17.499578;27/07/2023;C84;#N/A N/A;AT MATURITY;COP;#N/A N/A;#N/A N/A;#N/A N/A;27/07/2023;0.246406571;Normal;FLOATING
Grupo de Inversiones Suramericana SA;GRUPOS;13.594;11/08/2023;E3;#N/A N/A;AT MATURITY;COP;#N/A N/A;#N/A N/A;#N/A N/A;11/05/2023;0.287474333;Normal;FLOATING
Banco de Occidente SA;BANOCC;13.501;20/08/2023;D36;#N/A N/A;AT MATURITY;COP;#N/A N/A;#N/A N/A;#N/A N/A;23/05/2023;0.31211499;Normal;FLOATING
Ecopetrol SA;ECOPET;18.55364;27/08/2023;#N/A Field Not Applicable;#N/A N/A;AT MATURITY;COP;#N/A N/A;#N/A N/A;#N/A N/A;27/08/2023;0.331279945;Normal;FLOATING
Colombian TES Corto Plazo;COLTC;0;5/09/2023;364;#N/A N/A;AT MATURITY;COP;12.84249116;0.003873829;0.003793302;#N/A Field Not Applicable;0.355920602;#N/A Field Not Applicable;ZERO COUPON
Isagen SA ESP;ISAGEN;8.19;13/09/2023;A7;#N/A N/A;AT MATURITY;COP;#N/A N/A;#N/A N/A;#N/A N/A;13/06/2023;0.377823409;Normal;FIXED
Ecopetrol SA;ECOPET;5.875;18/09/2023;#N/A Field Not Applicable;BB+;AT MATURITY;USD;7.163877296;0.00271685;0.002705878;18/09/2023;0.391512663;Normal;FIXED
Banco de Bogota SA;BANBOG;13.271;24/09/2023;C3;#N/A N/A;AT MATURITY;COP;#N/A N/A;#N/A N/A;#N/A N/A;24/05/2023;0.407939767;Short First;FLOATING
Banco Davivienda SA;DAVIVI;5.75;26/09/2023;F;#N/A N/A;AT MATURITY;COP;#N/A N/A;#N/A N/A;#N/A N/A;26/06/2023;0.413415469;Normal;FIXED
Itau Corpbanca Colombia SA;SANCOL;13.373;29/09/2023;B36;#N/A N/A;AT MATURITY;COP;#N/A N/A;#N/A N/A;#N/A N/A;2/05/2023;0.421629021;Normal;FLOATING
Financiera de Desarrollo Nacional SA;FINENE;13.304;1/10/2023;D3;#N/A N/A;AT MATURITY;COP;#N/A N/A;#N/A N/A;#N/A N/A;2/05/2023;0.427104723;Normal;FLOATING
Odinsa SA;ODINSA;5.2;2/10/2023;A3;#N/A N/A;AT MATURITY;COP;#N/A N/A;#N/A N/A;#N/A N/A;2/07/2023;0.429842574;Normal;FIXED
Banco Popular SA;BCOPOP;8.1;12/10/2023;B7;#N/A N/A;AT MATURITY;COP;#N/A N/A;#N/A N/A;#N/A N/A;12/07/2023;0.457221081;Normal;FIXED
Credivalores-Crediservicios SAS;CREDVA;12.5;19/10/2023;#N/A Field Not Applicable;#N/A N/A;CALLABLE;USD;11.36392187;0.003091495;0.003064931;19/07/2023;0.476386037;Normal;FIXED
UNE EPM Telecomunicaciones SA;UNEEPM;18.734984;20/10/2023;A12;#N/A N/A;AT MATURITY;COP;#N/A N/A;#N/A N/A;#N/A N/A;20/07/2023;0.479123888;Normal;FLOATING
Codensa SA ESP;CODENS;16.536188;23/10/2023;B5;#N/A N/A;AT MATURITY;COP;#N/A N/A;#N/A N/A;#N/A N/A;23/07/2023;0.48733744;Normal;FLOATING
Bancolombia SA;BCOLO;18.38363;2/11/2023;D12;#N/A N/A;AT MATURITY;COP;#N/A N/A;#N/A N/A;#N/A N/A;2/05/2023;0.514715948;Normal;FLOATING
Banco Popular SA;BCOPOP;14.725;11/11/2023;D2;#N/A N/A;AT MATURITY;COP;#N/A N/A;#N/A N/A;#N/A N/A;11/05/2023;0.539356605;Normal;FLOATING
Instituto Colombiano de Credito Educativo y Estudios Tecnicos en el Exterior;ICCEE;15.031;24/11/2023;D2;#N/A N/A;AT MATURITY;COP;#N/A N/A;#N/A N/A;#N/A N/A;24/05/2023;0.574948665;Normal;FLOATING
Banco Finandina SA;FINAND;17.089175;27/11/2023;C60;#N/A N/A;AT MATURITY;COP;#N/A N/A;#N/A N/A;#N/A N/A;27/05/2023;0.583162218;Normal;FLOATING
Interconexion Electrica SA ESP;ISACB;18.406298;1/12/2023;A;#N/A N/A;AT MATURITY;COP;#N/A N/A;#N/A N/A;#N/A N/A;1/06/2023;0.594113621;Normal;FLOATING
Empresas Publicas de Medellin ESP;EEPPME;18.462968;4/12/2023;A;#N/A N/A;AT MATURITY;COP;#N/A N/A;#N/A N/A;#N/A N/A;4/06/2023;0.602327173;Normal;FLOATING
Colombian TES Corto Plazo;COLTC;0;5/12/2023;364;#N/A N/A;AT MATURITY;COP;12.63348488;0.007814204;0.007662476;#N/A Field Not Applicable;0.605065024;#N/A Field Not Applicable;ZERO COUPON
Empresas Publicas de Medellin ESP;EEPPME;20.412416;21/01/2024;A15a;#N/A N/A;AT MATURITY;COP;#N/A N/A;#N/A N/A;#N/A N/A;21/07/2023;0.733744011;Normal;FLOATING
Alpina Productos Alimenticios SA;ALPINA;21.72716;10/02/2024;A15;#N/A N/A;AT MATURITY;COP;#N/A N/A;#N/A N/A;#N/A N/A;10/05/2023;0.788501027;Normal;FLOATING
Banco de Bogota SA;BANBOG;3.4;10/02/2024;E3;#N/A N/A;AT MATURITY;COP;#N/A N/A;#N/A N/A;#N/A N/A;10/05/2023;0.788501027;Normal;FIXED
Enel Colombia SA ESP;EMGSA;20.242406;11/02/2024;B15;#N/A N/A;AT MATURITY;COP;#N/A N/A;#N/A N/A;#N/A N/A;11/05/2023;0.791238877;Normal;FLOATING
Banco W SA;BANCW;14.937425;11/02/2024;C3;#N/A N/A;AT MATURITY;COP;#N/A N/A;#N/A N/A;#N/A N/A;11/05/2023;0.791238877;Normal;FLOATING
Banco Popular SA;BCOPOP;6.84;13/02/2024;B5;#N/A N/A;AT MATURITY;COP;#N/A N/A;#N/A N/A;#N/A N/A;13/05/2023;0.796714579;Normal;FIXED
Interconexion Electrica SA ESP;ISACB;18.606725;16/02/2024;C8;#N/A N/A;AT MATURITY;COP;#N/A N/A;#N/A N/A;#N/A N/A;16/05/2023;0.804928131;Normal;FLOATING
Grupo de Inversiones Suramericana SA;GRUPOS;16.862675;23/02/2024;C7;#N/A N/A;AT MATURITY;COP;#N/A N/A;#N/A N/A;#N/A N/A;23/05/2023;0.824093087;Normal;FLOATING
Banco Comercial AV Villas SA;AVVILL;14.054075;23/02/2024;A3;#N/A N/A;AT MATURITY;COP;#N/A N/A;#N/A N/A;#N/A N/A;23/05/2023;0.824093087;Normal;FLOATING
Colombia Government International Bond;COLOM;4;26/02/2024;#N/A Field Not Applicable;BB+;CALLABLE;USD;6.505143475;0.010013941;0.00993399;26/08/2023;0.832306639;Short First;FIXED
Grupo Energia Bogota SA ESP;GEBCB;16.862675;28/02/2024;A7;#N/A N/A;AT MATURITY;COP;#N/A N/A;#N/A N/A;#N/A N/A;28/05/2023;0.837782341;Normal;FLOATING
Aris Mining Corp;ARISCN;8;1/03/2024;#N/A Field Not Applicable;#N/A N/A;CONV/CALL;CAD;#N/A N/A;#N/A N/A;#N/A N/A;1/09/2023;0.843258042;Normal;FIXED
Bancolombia SA;BCOLO;21.06425;4/03/2024;B15;#N/A N/A;AT MATURITY;COP;#N/A N/A;#N/A N/A;#N/A N/A;4/03/2024;0.851471595;Normal;FLOATING
Colombian TES Corto Plazo;COLTC;0;5/03/2024;364;#N/A N/A;AT MATURITY;COP;2.16321613;0.015365504;0.015119319;#N/A Field Not Applicable;0.854209446;#N/A Field Not Applicable;ZERO COUPON
Banco Popular SA;BCOPOP;14.784;10/03/2024;D2;#N/A N/A;AT MATURITY;COP;#N/A N/A;#N/A N/A;#N/A N/A;10/05/2023;0.8678987;Normal;FLOATING
Banco Finandina SA;FINAND;15.571;17/03/2024;D24;#N/A N/A;AT MATURITY;COP;#N/A N/A;#N/A N/A;#N/A N/A;17/05/2023;0.887063655;Normal;FLOATING
Banco Davivienda SA;DAVIVI;7.4;29/03/2024;F84;#N/A N/A;AT MATURITY;COP;#N/A N/A;#N/A N/A;#N/A N/A;29/06/2023;0.919917864;Short First;FIXED
SURA Asset Management SA;SUAMSA;4.875;17/04/2024;REGS;NR;AT MATURITY;USD;6.190695483;0.012955036;0.012933184;17/10/2023;0.971937029;Normal;FIXED
SURA Asset Management SA;SUAMSA;4.875;17/04/2024;144A;NR;AT MATURITY;USD;6.022525153;0.01295949;0.012954479;17/10/2023;0.971937029;Normal;FIXED
Bancolombia SA;BCOLO;18.4403;18/04/2024;D12;#N/A N/A;AT MATURITY;COP;#N/A N/A;#N/A N/A;#N/A N/A;18/07/2023;0.97467488;Normal;FLOATING
Interconexion Electrica SA ESP;ISACB;6.75;18/04/2024;A7;#N/A N/A;AT MATURITY;COP;#N/A N/A;#N/A N/A;#N/A N/A;18/07/2023;0.97467488;Normal;FIXED
Banco Finandina SA;FINAND;15.470792;20/04/2024;C36;#N/A N/A;AT MATURITY;COP;#N/A N/A;#N/A N/A;#N/A N/A;20/07/2023;0.980150582;Normal;FLOATING
Empresas Publicas de Medellin ESP;EEPPME;20.412416;21/04/2024;A15;#N/A N/A;AT MATURITY;COP;#N/A N/A;#N/A N/A;#N/A N/A;21/07/2023;0.982888433;Normal;FLOATING
Financiera de Desarrollo Territorial SA Findeter;FDT;17.386238;26/04/2024;A7;#N/A N/A;AT MATURITY;COP;#N/A N/A;#N/A N/A;#N/A N/A;26/07/2023;0.996577687;Long First;FLOATING
Banco de Occidente SA;BANOCC;17.08022;27/04/2024;B84;#N/A N/A;AT MATURITY;COP;#N/A N/A;#N/A N/A;#N/A N/A;27/04/2024;0.999315537;Normal;FLOATING
Cementos Argos SA;CEMCAR;21.489146;28/04/2024;C15;#N/A N/A;AT MATURITY;COP;#N/A N/A;#N/A N/A;#N/A N/A;28/07/2023;1.002053388;Normal;FLOATING
GM Financial Colombia SA Cia De Financiamiento;GMFCOL;6.84;8/05/2024;A5;#N/A N/A;AT MATURITY;COP;#N/A N/A;#N/A N/A;#N/A N/A;8/05/2023;1.029431896;Normal;FIXED
Banco de Occidente SA;BANOCC;17.78;8/05/2024;B10;#N/A N/A;AT MATURITY;COP;#N/A N/A;#N/A N/A;#N/A N/A;8/05/2023;1.029431896;Normal;FLOATING
Banco Davivienda SA;DAVIVI;17.655425;15/05/2024;C120;#N/A N/A;AT MATURITY;COP;#N/A N/A;#N/A N/A;#N/A N/A;15/05/2023;1.048596851;Normal;FLOATING
Enel Colombia SA ESP;EMGSA;17.680922;16/05/2024;B10;#N/A N/A;AT MATURITY;COP;#N/A N/A;#N/A N/A;#N/A N/A;16/05/2023;1.051334702;Normal;FLOATING
Itau Corpbanca Colombia SA;SANCOL;16.48895;21/05/2024;C60;#N/A N/A;AT MATURITY;COP;#N/A N/A;#N/A N/A;#N/A N/A;21/05/2023;1.065023956;Normal;FLOATING
Colombia Government International Bond;COLOM;8.125;21/05/2024;#N/A Field Not Applicable;BB+;AT MATURITY;USD;6.182492393;0.014541091;0.014433653;21/05/2023;1.065023956;Long First;FIXED
UNE EPM Telecomunicaciones SA;UNEEPM;9.35;26/05/2024;C8;#N/A N/A;AT MATURITY;COP;#N/A N/A;#N/A N/A;#N/A N/A;26/05/2023;1.07871321;Normal;FIXED
Banco de Comercio Exterior de Colombia SA;BANDEX;13.831;27/05/2024;C36;#N/A N/A;AT MATURITY;COP;#N/A N/A;#N/A N/A;#N/A N/A;29/05/2023;1.081451061;Normal;FLOATING
Colombia Telecomunicaciones SA ESP;TELEFO;6.65;29/05/2024;A5;#N/A N/A;AT MATURITY;COP;#N/A N/A;#N/A N/A;#N/A N/A;29/05/2023;1.086926762;Normal;FIXED
Banco Davivienda SA;DAVIVI;16.825664;7/06/2024;C84;#N/A N/A;AT MATURITY;COP;#N/A N/A;#N/A N/A;#N/A N/A;7/06/2023;1.11156742;Normal;FLOATING
Codensa SA ESP;CODENS;6.46;8/06/2024;E7;#N/A N/A;AT MATURITY;COP;#N/A N/A;#N/A N/A;#N/A N/A;8/06/2023;1.11430527;Normal;FIXED
RCI Colombia SA Cia de Financiamiento;RENAUL;14.821;17/06/2024;B3;#N/A N/A;AT MATURITY;COP;#N/A N/A;#N/A N/A;#N/A N/A;17/05/2023;1.138945927;Long First;FLOATING
Financiera de Desarrollo Territorial SA Findeter;FDT;16.157312;18/06/2024;A;#N/A N/A;AT MATURITY;COP;#N/A N/A;#N/A N/A;#N/A N/A;18/06/2023;1.141683778;Normal;FLOATING
Banco Serfinanzas SA;BSERCO;6.04;24/06/2024;A3;#N/A N/A;AT MATURITY;COP;#N/A N/A;#N/A N/A;#N/A N/A;24/06/2023;1.158110883;Normal;FIXED
Banco Serfinanzas SA;BSERCO;15.692864;24/06/2024;C3;#N/A N/A;AT MATURITY;COP;#N/A N/A;#N/A N/A;#N/A N/A;24/06/2023;1.158110883;Normal;FLOATING
Itau Corpbanca Colombia SA;SANCOL;15.273728;29/06/2024;C36;#N/A N/A;AT MATURITY;COP;#N/A N/A;#N/A N/A;#N/A N/A;29/06/2023;1.171800137;Normal;FLOATING
Banco Popular SA;BCOPOP;13.711;15/07/2024;D3;#N/A N/A;AT MATURITY;COP;#N/A N/A;#N/A N/A;#N/A N/A;15/05/2023;1.215605749;Long First;FLOATING
Banco Davivienda SA;DAVIVI;6.04;16/07/2024;F;#N/A N/A;AT MATURITY;COP;#N/A N/A;#N/A N/A;#N/A N/A;16/07/2023;1.2183436;Normal;FIXED
Colombina SA;COLBNA;16.320842;17/07/2024;C;#N/A N/A;AT MATURITY;COP;#N/A N/A;#N/A N/A;#N/A N/A;17/07/2023;1.221081451;Normal;FLOATING
Bancolombia SA;BCOLO;18.15695;23/07/2024;D10;#N/A N/A;AT MATURITY;COP;#N/A N/A;#N/A N/A;#N/A N/A;23/07/2023;1.237508556;Normal;FLOATING
Colombian TES;COLTES;10;24/07/2024;B;BBB-;AT MATURITY;COP;10.78607331;0.020790037;0.020737797;24/07/2023;1.240246407;Normal;FIXED
Colombia Government International Bond;COLOM;10;24/07/2024;REGS;NR;AT MATURITY;COP;10.74985739;0.020762851;0.020751911;24/07/2023;1.240246407;Normal;FIXED
Colombia Government International Bond;COLOM;10;24/07/2024;144A;NR;AT MATURITY;COP;10.74985739;0.020762851;0.020751911;24/07/2023;1.240246407;Normal;FIXED
RCI Colombia SA Cia de Financiamiento;RENAUL;5.8;28/07/2024;A4;#N/A N/A;AT MATURITY;COP;#N/A N/A;#N/A N/A;#N/A N/A;28/07/2023;1.25119781;Normal;FIXED
Financiera de Desarrollo Territorial SA Findeter;FDT;7.875;12/08/2024;REGS;BB+;CALLABLE;COP;15.86821114;0.020731275;0.020167447;12/08/2023;1.292265572;Normal;FIXED
Financiera de Desarrollo Territorial SA Findeter;FDT;7.875;12/08/2024;144A;BB+;CALLABLE;COP;15.85076321;0.020807868;0.020243137;12/08/2023;1.292265572;Normal;FIXED
Codensa SA ESP;CODENS;4.7;25/08/2024;E4;#N/A N/A;AT MATURITY;COP;#N/A N/A;#N/A N/A;#N/A N/A;25/05/2023;1.327857632;Normal;FIXED
Credivalores-Crediservicios SAS;CREDVA;9.1;26/08/2024;A;#N/A N/A;AT MATURITY;COP;#N/A N/A;#N/A N/A;#N/A N/A;26/08/2023;1.330595483;Normal;FIXED
City of Medellin Colombia;MEDELL;17.862266;26/08/2024;A10a;#N/A N/A;AT MATURITY;COP;#N/A N/A;#N/A N/A;#N/A N/A;26/05/2023;1.330595483;Normal;FLOATING
Promigas SA ESP;PROMIG;20.033675;27/08/2024;C10;#N/A N/A;AT MATURITY;COP;#N/A N/A;#N/A N/A;#N/A N/A;27/05/2023;1.333333333;Normal;FLOATING
Banco Davivienda SA;DAVIVI;13.444;7/09/2024;B36;#N/A N/A;AT MATURITY;COP;#N/A N/A;#N/A N/A;#N/A N/A;8/05/2023;1.363449692;Normal;FLOATING
Banco Mundo Mujer SA;BMUJER;14.504;8/09/2024;D3;#N/A N/A;AT MATURITY;COP;#N/A N/A;#N/A N/A;#N/A N/A;8/05/2023;1.366187543;Normal;FLOATING
Empresas Publicas de Medellin ESP;EEPPME;7.625;10/09/2024;REGS;BB+;CALLABLE;COP;14.64935936;0.023453335;0.022833551;10/09/2023;1.371663244;Normal;FIXED
Empresas Publicas de Medellin ESP;EEPPME;7.625;10/09/2024;144A;BB+;CALLABLE;COP;14.64935936;0.023453335;0.022833551;10/09/2023;1.371663244;Normal;FIXED
Grupo Argos SA/Colombia;ARGOS;17.81693;10/09/2024;D10;#N/A N/A;AT MATURITY;COP;#N/A N/A;#N/A N/A;#N/A N/A;10/06/2023;1.371663244;Normal;FLOATING
Isagen SA ESP;ISAGEN;21.262466;15/09/2024;A15;#N/A N/A;AT MATURITY;COP;#N/A N/A;#N/A N/A;#N/A N/A;15/09/2023;1.385352498;Normal;FLOATING
Bancolombia SA;BCOLO;13.421;16/09/2024;E3;#N/A N/A;AT MATURITY;COP;#N/A N/A;#N/A N/A;#N/A N/A;16/05/2023;1.388090349;Long First;FLOATING
Banco de Occidente SA;BANOCC;5.83;18/09/2024;A;#N/A N/A;AT MATURITY;COP;#N/A N/A;#N/A N/A;#N/A N/A;18/06/2023;1.393566051;Normal;FIXED
Bancolombia SA;BCOLO;18.202286;24/09/2024;D10;#N/A N/A;AT MATURITY;COP;#N/A N/A;#N/A N/A;#N/A N/A;24/06/2023;1.409993155;Normal;FLOATING
Finanzauto SA/Colombia;FINACO;22.86056;6/10/2024;C2;#N/A N/A;AT MATURITY;COP;#N/A N/A;#N/A N/A;#N/A N/A;6/07/2023;1.442847365;Normal;FLOATING
Banco Davivienda SA;DAVIVI;17.828264;9/10/2024;C120;#N/A N/A;AT MATURITY;COP;#N/A N/A;#N/A N/A;#N/A N/A;10/07/2023;1.451060917;Normal;FLOATING
Itau Corpbanca Colombia SA;SANCOL;6.05;16/10/2024;A60;#N/A N/A;AT MATURITY;COP;#N/A N/A;#N/A N/A;#N/A N/A;16/07/2023;1.470225873;Normal;FIXED
Sodimac Colombia SA;SODIMA;16.944212;19/10/2024;B7;#N/A N/A;AT MATURITY;COP;#N/A N/A;#N/A N/A;#N/A N/A;19/07/2023;1.478439425;Normal;FLOATING
Bogota Distrito Capital;BOGOTA;5.94;24/10/2024;A5;#N/A N/A;AT MATURITY;COP;#N/A N/A;#N/A N/A;#N/A N/A;24/07/2023;1.492128679;Normal;FIXED
Pei Asset Management SAS;PEICOL;6.5;7/11/2024;A5;#N/A N/A;AT MATURITY;COP;#N/A N/A;#N/A N/A;#N/A N/A;7/05/2023;1.53045859;Normal;FIXED
Banco Popular SA;BCOPOP;7.34;11/11/2024;B3;#N/A N/A;AT MATURITY;COP;#N/A N/A;#N/A N/A;#N/A N/A;11/05/2023;1.541409993;Normal;FIXED
Grupo Aval Acciones y Valores SA;AVALCB;6.42;14/11/2024;C5;#N/A N/A;AT MATURITY;COP;#N/A N/A;#N/A N/A;#N/A N/A;14/05/2023;1.549623546;Normal;FIXED
Banco GNB Sudameris SA;GNBSUD;17.610125;22/11/2024;B1;#N/A N/A;AT MATURITY;COP;#N/A N/A;#N/A N/A;#N/A N/A;23/05/2023;1.571526352;Normal;FLOATING
Cementos Argos SA;CEMCAR;17.5535;27/11/2024;C10;#N/A N/A;AT MATURITY;COP;#N/A N/A;#N/A N/A;#N/A N/A;27/05/2023;1.585215606;Normal;FLOATING
Grupo Aval Acciones y Valores SA;AVALCB;19.23368;3/12/2024;A15;#N/A N/A;AT MATURITY;COP;#N/A N/A;#N/A N/A;#N/A N/A;3/06/2023;1.60164271;Normal;FLOATING
Avista Colombia SAS;AVISCO;11;3/12/2024;A3;#N/A N/A;AT MATURITY;COP;#N/A N/A;#N/A N/A;#N/A N/A;3/06/2023;1.60164271;Normal;FIXED
Banco Colpatria SA;BNCP;18.530972;11/12/2024;FS10;#N/A N/A;AT MATURITY;COP;#N/A N/A;#N/A N/A;#N/A N/A;13/06/2023;1.623545517;Normal;FLOATING
Petroleos Sudamericanos SA;PSUDAR;2.1;20/12/2024;I;#N/A N/A;SINKABLE;USD;4.223019838;0.021894779;0.02182084;20/06/2023;1.648186174;Normal;FIXED
Ecopetrol SA;ECOPET;4.125;16/01/2025;#N/A Field Not Applicable;BB+;AT MATURITY;USD;6.701196777;0.033713314;0.033642357;16/07/2023;1.722108145;Short First;FIXED
Promioriente SA ESP;PROMCO;17.352236;23/01/2025;A7;#N/A N/A;AT MATURITY;COP;#N/A N/A;#N/A N/A;#N/A N/A;23/07/2023;1.741273101;Normal;FLOATING
Mibanco Banco de La Microempresa de Colombia SA;MIBACO;9;27/01/2025;A;#N/A N/A;AT MATURITY;COP;#N/A N/A;#N/A N/A;#N/A N/A;27/07/2023;1.752224504;Normal;FIXED
Bancolombia SA;BCOLO;3;29/01/2025;#N/A Field Not Applicable;BBB-;CALLABLE;USD;6.146828623;0.035612725;0.035547358;29/07/2023;1.757700205;Normal;FIXED
Carvajal SA;CARVCO;6.85;29/01/2025;C5;#N/A N/A;AT MATURITY;COP;#N/A N/A;#N/A N/A;#N/A N/A;29/07/2023;1.757700205;Normal;FIXED
Banco de Occidente SA;BANOCC;17.169696;30/01/2025;B;#N/A N/A;AT MATURITY;COP;#N/A N/A;#N/A N/A;#N/A N/A;30/04/2023;1.760438056;Normal;FLOATING
Banco Popular SA;BCOPOP;6.12;4/02/2025;B;#N/A N/A;AT MATURITY;COP;#N/A N/A;#N/A N/A;#N/A N/A;4/05/2023;1.77412731;Normal;FIXED
Credivalores-Crediservicios SAS;CREDVA;8.875;7/02/2025;REGS;B-;CALLABLE;USD;90.24126869;0.016218717;0.015728736;7/08/2023;1.782340862;Normal;FIXED
Credivalores-Crediservicios SAS;CREDVA;8.875;7/02/2025;144A;B-;CALLABLE;USD;89.95477884;0.016159154;0.015766059;7/08/2023;1.782340862;Normal;FIXED
Banco Davivienda SA;DAVIVI;6.04;11/02/2025;F;#N/A N/A;AT MATURITY;COP;#N/A N/A;#N/A N/A;#N/A N/A;11/05/2023;1.793292266;Normal;FIXED
Banco Davivienda SA;DAVIVI;17.406275;12/02/2025;C120;#N/A N/A;AT MATURITY;COP;#N/A N/A;#N/A N/A;#N/A N/A;12/05/2023;1.796030116;Normal;FLOATING
Gran Tierra Energy International Holdings Ltd;GTE;6.25;15/02/2025;REGS;B;CALLABLE;USD;15.44506001;0.032933984;0.032752346;15/08/2023;1.804243669;Normal;FIXED
Gran Tierra Energy International Holdings Ltd;GTE;6.25;15/02/2025;144A;B;CALLABLE;USD;15.87695278;0.032783424;0.032611274;15/08/2023;1.804243669;Normal;FIXED
Banco Serfinanzas SA;BSERCO;6.24;19/02/2025;A;#N/A N/A;AT MATURITY;COP;#N/A N/A;#N/A N/A;#N/A N/A;19/05/2023;1.815195072;Normal;FIXED
Cementos Argos SA;CEMCAR;15.7868;25/02/2025;C51;#N/A N/A;AT MATURITY;COP;#N/A N/A;#N/A N/A;#N/A N/A;25/05/2023;1.831622177;Normal;FLOATING
Bogota Distrito Capital;BOGOTA;14.72225;25/02/2025;D4;#N/A N/A;AT MATURITY;COP;#N/A N/A;#N/A N/A;#N/A N/A;25/05/2023;1.831622177;Normal;FLOATING
Organizacion Terpel SA;TERPCO;5.84;26/02/2025;A;#N/A N/A;AT MATURITY;COP;#N/A N/A;#N/A N/A;#N/A N/A;26/05/2023;1.834360027;Normal;FIXED
Itau Corpbanca Colombia SA;SANCOL;6;27/02/2025;A60;#N/A N/A;AT MATURITY;COP;#N/A N/A;#N/A N/A;#N/A N/A;27/05/2023;1.837097878;Normal;FIXED
Isagen SA ESP;ISAGEN;7.12;27/02/2025;A7;#N/A N/A;AT MATURITY;COP;#N/A N/A;#N/A N/A;#N/A N/A;27/05/2023;1.837097878;Normal;FIXED
Gases de Occidente SA ESP;OCCICO;17.383625;2/03/2025;A7;#N/A N/A;AT MATURITY;COP;#N/A N/A;#N/A N/A;#N/A N/A;2/06/2023;1.845311431;Normal;FLOATING
Banco Popular SA;BCOPOP;10.2;10/03/2025;B3;#N/A N/A;AT MATURITY;COP;#N/A N/A;#N/A N/A;#N/A N/A;10/06/2023;1.867214237;Normal;FIXED
Banco Finandina SA;FINAND;10.6;17/03/2025;A36;#N/A N/A;AT MATURITY;COP;#N/A N/A;#N/A N/A;#N/A N/A;17/06/2023;1.886379192;Normal;FIXED
Bancolombia SA;BCOLO;17.8112;18/03/2025;#N/A Field Not Applicable;#N/A N/A;AT MATURITY;COP;#N/A N/A;#N/A N/A;#N/A N/A;18/06/2023;1.889117043;Normal;FLOATING
Banco Davivienda SA;DAVIVI;17.618624;29/03/2025;C96;#N/A N/A;AT MATURITY;COP;#N/A N/A;#N/A N/A;#N/A N/A;29/06/2023;1.919233402;Normal;FLOATING
Finanzauto SA/Colombia;FINACO;15.843;29/03/2025;D2;#N/A N/A;AT MATURITY;COP;#N/A N/A;#N/A N/A;#N/A N/A;29/04/2023;1.919233402;Normal;FLOATING
Finanzauto SA/Colombia;FINACO;17;29/03/2025;A2;#N/A N/A;AT MATURITY;COP;#N/A N/A;#N/A N/A;#N/A N/A;29/06/2023;1.919233402;Normal;FIXED
Inversiones JMH SAS;INVJMH;8;6/04/2025;#N/A Field Not Applicable;#N/A N/A;CALLABLE;USD;9.353987997;0.036575215;0.036454356;6/07/2023;1.941136208;Normal;FIXED
Codensa SA ESP;CODENS;6.74;11/04/2025;E7;#N/A N/A;AT MATURITY;COP;#N/A N/A;#N/A N/A;#N/A N/A;11/07/2023;1.954825462;Normal;FIXED
Banco Bilbao Vizcaya Argentaria Colombia SA;BANGAN;4.875;21/04/2025;REGS;BB+;AT MATURITY;USD;7.691291014;0.04295965;0.042908771;21/10/2023;1.98220397;Normal;FIXED
Banco Bilbao Vizcaya Argentaria Colombia SA;BANGAN;4.875;21/04/2025;144A;BB+;AT MATURITY;USD;7.603877131;0.042969169;0.042946872;21/10/2023;1.98220397;Normal;FIXED
Colombia Government International Bond;COLOM;3.5;7/05/2025;REGS;NR;AT MATURITY;COP;3.954712227;0.053308526;0.053182335;7/05/2023;2.026009582;Normal;FIXED
Colombian TES;COLTES;3.5;7/05/2025;UVR;BBB-;AT MATURITY;COP;4.094119744;0.053309653;0.053033611;7/05/2023;2.026009582;Normal;FIXED
Interconexion Electrica SA ESP;ISACB;17.5535;7/05/2025;C10;#N/A N/A;AT MATURITY;COP;#N/A N/A;#N/A N/A;#N/A N/A;7/05/2023;2.026009582;Normal;FLOATING
Colombia Government International Bond;COLOM;3.5;7/05/2025;144A;NR;AT MATURITY;COP;3.954712227;0.053308526;0.053182335;7/05/2023;2.026009582;Normal;FIXED
Banco Davivienda SA;DAVIVI;17.93855;13/05/2025;C120;#N/A N/A;AT MATURITY;COP;#N/A N/A;#N/A N/A;#N/A N/A;13/05/2023;2.042436687;Normal;FLOATING
Grupo Argos SA/Colombia;ARGOS;16.0133;28/08/2025;C6;#N/A N/A;AT MATURITY;COP;#N/A N/A;#N/A N/A;#N/A N/A;28/05/2023;2.335386721;Normal;FLOATING
Enel Colombia SA ESP;EMGSA;19.007;11/09/2025;B;#N/A N/A;AT MATURITY;COP;#N/A N/A;#N/A N/A;#N/A N/A;11/06/2023;2.373716632;Normal;FLOATING
Banco de Bogota SA;BANBOG;4.75;24/09/2025;E;#N/A N/A;AT MATURITY;COP;#N/A N/A;#N/A N/A;#N/A N/A;24/06/2023;2.409308693;Normal;FIXED
Itau Corpbanca Colombia SA;SANCOL;4.83;29/09/2025;A60;#N/A N/A;AT MATURITY;COP;#N/A N/A;#N/A N/A;#N/A N/A;29/06/2023;2.422997947;Normal;FIXED
Financiera de Desarrollo Nacional SA;FINENE;15.160448;1/10/2025;B5;#N/A N/A;AT MATURITY;COP;#N/A N/A;#N/A N/A;#N/A N/A;1/07/2023;2.428473648;Long First;FLOATING
Banco de Occidente SA;BANOCC;17.465576;12/10/2025;BS96;#N/A N/A;AT MATURITY;COP;#N/A N/A;#N/A N/A;#N/A N/A;12/07/2023;2.458590007;Normal;FLOATING
Grupo Bolivar SA;BOLI;15.21011;27/10/2025;A5;#N/A N/A;AT MATURITY;COP;#N/A N/A;#N/A N/A;#N/A N/A;27/07/2023;2.499657769;Normal;FLOATING
Banco Davivienda SA;DAVIVI;18.34625;10/11/2025;C120;#N/A N/A;AT MATURITY;COP;#N/A N/A;#N/A N/A;#N/A N/A;10/05/2023;2.53798768;Normal;FLOATING
Codensa SA ESP;CODENS;18.78032;15/11/2025;B12;#N/A N/A;AT MATURITY;COP;#N/A N/A;#N/A N/A;#N/A N/A;15/05/2023;2.551676934;Normal;FLOATING
Promigas SA ESP;PROMIG;15.03935;19/11/2025;A5;#N/A N/A;AT MATURITY;COP;#N/A N/A;#N/A N/A;#N/A N/A;19/05/2023;2.562628337;Normal;FLOATING
Colombian TES;COLTES;6.25;26/11/2025;B;BB+;AT MATURITY;COP;11.25035631;0.068110468;0.067969447;26/11/2023;2.581793292;Normal;FIXED
Colombia Government International Bond;COLOM;6.25;26/11/2025;REGS;#N/A N/A;AT MATURITY;COP;11.1725812;0.068154814;0.068071412;26/11/2023;2.581793292;Normal;FIXED
Colombia Government International Bond;COLOM;6.25;26/11/2025;144a;NR;AT MATURITY;COP;11.1725812;0.068154814;0.068071412;26/11/2023;2.581793292;Normal;FIXED
Interconexion Electrica SA ESP;ISACB;6.99;28/11/2025;A8;#N/A N/A;AT MATURITY;COP;#N/A N/A;#N/A N/A;#N/A N/A;31/05/2023;2.587268994;Normal;FIXED
Barranquilla Distrito Especial Industrial y Portuario;DIBACO;15.616925;3/12/2025;B5;#N/A N/A;AT MATURITY;COP;#N/A N/A;#N/A N/A;#N/A N/A;3/06/2023;2.600958248;Normal;FLOATING
Celsia SA ESP;CELSIA;19.007;11/12/2025;D12;#N/A N/A;AT MATURITY;COP;#N/A N/A;#N/A N/A;#N/A N/A;11/06/2023;2.622861054;Normal;FLOATING
Corp Primax Colombia;CPRMCO;15.636224;16/12/2025;B5;#N/A N/A;AT MATURITY;COP;#N/A N/A;#N/A N/A;#N/A N/A;16/06/2023;2.636550308;Normal;FLOATING
Instituto Colombiano de Credito Educativo y Estudios Tecnicos en el Exterior;ICCEE;15.511616;17/12/2025;C5;#N/A N/A;AT MATURITY;COP;#N/A N/A;#N/A N/A;#N/A N/A;17/06/2023;2.639288159;Normal;FLOATING
UNE EPM Telecomunicaciones SA;UNEEPM;22.52054;5/01/2026;C36;#N/A N/A;AT MATURITY;COP;#N/A N/A;#N/A N/A;#N/A N/A;5/07/2023;2.691307324;Normal;FLOATING
Colombia Government International Bond;COLOM;4.5;28/01/2026;#N/A Field Not Applicable;BB+;CALLABLE;USD;6.623740539;0.076931313;0.076707385;28/07/2023;2.754277892;Short First;FIXED
Banco de Bogota SA;BANBOG;14.5637;10/02/2026;A5;#N/A N/A;AT MATURITY;COP;#N/A N/A;#N/A N/A;#N/A N/A;10/05/2023;2.789869952;Normal;FLOATING
Banco Davivienda SA;DAVIVI;4.69;18/02/2026;F60;#N/A N/A;AT MATURITY;COP;#N/A N/A;#N/A N/A;#N/A N/A;18/05/2023;2.811772758;Normal;FIXED
Banco Comercial AV Villas SA;AVVILL;14.7902;23/02/2026;A5;#N/A N/A;AT MATURITY;COP;#N/A N/A;#N/A N/A;#N/A N/A;23/05/2023;2.825462012;Normal;FLOATING
Colombia Government International Bond;COLOM;3.875;22/03/2026;EMTN;BB+;CALLABLE;EUR;5.769899476;0.095609164;0.095008898;22/03/2024;2.899383984;Normal;FIXED
Interconexion Electrica SA ESP;ISACB;20.508377;7/04/2026;TR4;#N/A N/A;CALLABLE;COP;#N/A N/A;#N/A N/A;#N/A N/A;5/06/2023;2.943189596;Normal;FLOATING
Interconexion Electrica SA ESP;ISACB;18.530972;7/04/2026;IV;#N/A N/A;CALLABLE;COP;#N/A N/A;#N/A N/A;#N/A N/A;7/10/2023;2.943189596;Normal;FLOATING
Cementos Argos SA;CEMCAR;18.088946;13/04/2026;C10;#N/A N/A;AT MATURITY;COP;#N/A N/A;#N/A N/A;#N/A N/A;13/07/2023;2.959616701;Normal;FLOATING
Empresa de Energia del Pacifico SA ESP;EPSACB;17.012216;24/04/2026;C;#N/A N/A;AT MATURITY;COP;#N/A N/A;#N/A N/A;#N/A N/A;24/07/2023;2.98973306;Normal;FLOATING
Grupo de Inversiones Suramericana SA;GRUPOS;5.5;29/04/2026;REGS;BB+;CALLABLE;USD;7.09806462;0.088929338;0.088851337;29/10/2023;3.003422313;Normal;FIXED
Grupo de Inversiones Suramericana SA;GRUPOS;5.5;29/04/2026;144A;BB+;CALLABLE;USD;7.085296571;0.08889838;0.088863962;29/10/2023;3.003422313;Normal;FIXED
Banco Caja Social SA;BANCOC;18.459264;4/05/2026;C-10;#N/A N/A;AT MATURITY;COP;#N/A N/A;#N/A N/A;#N/A N/A;4/05/2023;3.017111567;Normal;FLOATING
Banco de Bogota SA;BANBOG;6.25;12/05/2026;REGS;BB-;AT MATURITY;USD;7.395767386;0.087053826;0.086832742;12/05/2023;3.039014374;Normal;FIXED
Banco de Bogota SA;BANBOG;6.25;12/05/2026;144A;BB-;AT MATURITY;USD;7.412572796;0.086936592;0.086815079;12/05/2023;3.039014374;Normal;FIXED
Isagen SA ESP;ISAGEN;6.49;19/05/2026;A5;#N/A N/A;AT MATURITY;COP;#N/A N/A;#N/A N/A;#N/A N/A;19/05/2023;3.058179329;Normal;FIXED
UNE EPM Telecomunicaciones SA;UNEEPM;17.949875;26/05/2026;A10;#N/A N/A;AT MATURITY;COP;#N/A N/A;#N/A N/A;#N/A N/A;26/05/2023;3.077344285;Normal;FLOATING
Banco de Occidente SA;BANOCC;18.49088;10/06/2026;B120;#N/A N/A;AT MATURITY;COP;#N/A N/A;#N/A N/A;#N/A N/A;10/06/2023;3.118412047;Normal;FLOATING
Banco Colpatria SA;BNCP;18.564974;16/06/2026;FS10;#N/A N/A;AT MATURITY;COP;#N/A N/A;#N/A N/A;#N/A N/A;16/06/2023;3.134839151;Normal;FLOATING
Financiera de Desarrollo Territorial SA Findeter;FDT;16.56512;18/06/2026;A;#N/A N/A;AT MATURITY;COP;#N/A N/A;#N/A N/A;#N/A N/A;18/06/2023;3.140314853;Normal;FLOATING
Grupo de Inversiones Suramericana SA;GRUPOS;17.913152;22/06/2026;C10;#N/A N/A;AT MATURITY;COP;#N/A N/A;#N/A N/A;#N/A N/A;22/06/2023;3.151266256;Normal;FLOATING
Ecopetrol SA;ECOPET;5.375;26/06/2026;#N/A Field Not Applicable;BB+;CALLABLE;USD;7.35670398;0.095408607;0.095291119;26/06/2023;3.162217659;Normal;FIXED
Ultracem SAS;ULCECO;9;28/06/2026;A;#N/A N/A;AT MATURITY;COP;#N/A N/A;#N/A N/A;#N/A N/A;28/06/2023;3.167693361;Normal;FIXED
Banco Popular SA;BCOPOP;16.264172;15/07/2026;C5;#N/A N/A;AT MATURITY;COP;#N/A N/A;#N/A N/A;#N/A N/A;15/07/2023;3.214236824;Normal;FLOATING
Banco Popular SA;BCOPOP;6.78;15/07/2026;B5;#N/A N/A;AT MATURITY;COP;#N/A N/A;#N/A N/A;#N/A N/A;15/07/2023;3.214236824;Normal;FIXED
Bancolombia SA;BCOLO;18.55364;27/07/2026;D15;#N/A N/A;AT MATURITY;COP;#N/A N/A;#N/A N/A;#N/A N/A;27/07/2023;3.247091034;Normal;FLOATING
Empresas Publicas de Medellin ESP;EEPPME;18.066278;29/07/2026;A12a;#N/A N/A;AT MATURITY;COP;#N/A N/A;#N/A N/A;#N/A N/A;29/04/2023;3.252566735;Normal;FLOATING
Aris Mining Corp;ARISCN;6.875;9/08/2026;REGS;B+;CALLABLE;USD;15.07295371;0.091128539;0.090739754;9/08/2023;3.282683094;Normal;FIXED
Aris Mining Corp;ARISCN;6.875;9/08/2026;144A;B+;CALLABLE;USD;14.78283482;0.091261169;0.091060084;9/08/2023;3.282683094;Normal;FIXED
Itau Corpbanca Colombia SA;SANCOL;17.71205;10/08/2026;C120;#N/A N/A;AT MATURITY;COP;#N/A N/A;#N/A N/A;#N/A N/A;10/05/2023;3.285420945;Normal;FLOATING
Banco de Occidente SA;BANOCC;15.934025;20/08/2026;B72;#N/A N/A;AT MATURITY;COP;#N/A N/A;#N/A N/A;#N/A N/A;23/05/2023;3.312799452;Normal;FLOATING
Colombia Government International Bond;COLOM;7.5;26/08/2026;REGS;NR;AT MATURITY;COP;11.24967731;0.098463494;0.098240432;26/08/2023;3.329226557;Normal;FIXED
Colombian TES;COLTES;7.5;26/08/2026;B;BBB-;AT MATURITY;COP;11.35970191;0.098489376;0.098012938;26/08/2023;3.329226557;Normal;FIXED
Colombia Government International Bond;COLOM;7.5;26/08/2026;144A;NR;AT MATURITY;COP;11.24967731;0.098463494;0.098240432;26/08/2023;3.329226557;Normal;FIXED
Banco Davivienda SA;DAVIVI;6.89;7/09/2026;F60;#N/A N/A;AT MATURITY;COP;#N/A N/A;#N/A N/A;#N/A N/A;7/06/2023;3.362080767;Normal;FIXED
Promigas SA ESP;PROMIG;17.516672;8/09/2026;A10;#N/A N/A;AT MATURITY;COP;#N/A N/A;#N/A N/A;#N/A N/A;8/06/2023;3.364818617;Normal;FLOATING
Bancolombia SA;BCOLO;16.078016;16/09/2026;C5;#N/A N/A;AT MATURITY;COP;#N/A N/A;#N/A N/A;#N/A N/A;16/06/2023;3.386721424;Normal;FLOATING
Banco Bilbao Vizcaya Argentaria Colombia SA;BANGAN;18.66698;19/09/2026;G180;#N/A N/A;AT MATURITY;COP;#N/A N/A;#N/A N/A;#N/A N/A;19/06/2023;3.394934976;Normal;FLOATING
Banco Davivienda SA;DAVIVI;6.18;26/09/2026;F;#N/A N/A;AT MATURITY;COP;#N/A N/A;#N/A N/A;#N/A N/A;26/06/2023;3.414099932;Normal;FIXED
Banco Davivienda SA;DAVIVI;17.992448;28/09/2026;C120;#N/A N/A;AT MATURITY;COP;#N/A N/A;#N/A N/A;#N/A N/A;28/06/2023;3.419575633;Normal;FLOATING
Transelca SA ESP;TRANSE;18.417632;11/10/2026;A15;#N/A N/A;AT MATURITY;COP;#N/A N/A;#N/A N/A;#N/A N/A;11/07/2023;3.455167693;Normal;FLOATING
Banco Popular SA;BCOPOP;18.020942;12/10/2026;C10;#N/A N/A;AT MATURITY;COP;#N/A N/A;#N/A N/A;#N/A N/A;13/07/2023;3.457905544;Normal;FLOATING
Itau Corpbanca Colombia SA;SANCOL;15.924152;16/10/2026;C;#N/A N/A;AT MATURITY;COP;#N/A N/A;#N/A N/A;#N/A N/A;16/07/2023;3.468856947;Normal;FLOATING
Corp Financiera Colombiana SA;CFV;16.62686;20/10/2026;A5;#N/A N/A;AT MATURITY;COP;#N/A N/A;#N/A N/A;#N/A N/A;20/07/2023;3.47980835;Normal;FLOATING
Bancolombia SA;BCOLO;18.576308;2/11/2026;D15;#N/A N/A;AT MATURITY;COP;#N/A N/A;#N/A N/A;#N/A N/A;2/05/2023;3.515400411;Normal;FLOATING
Banco Popular SA;BCOPOP;17.07785;11/11/2026;C5;#N/A N/A;AT MATURITY;COP;#N/A N/A;#N/A N/A;#N/A N/A;11/05/2023;3.540041068;Normal;FLOATING
Banco Davivienda SA;DAVIVI;17.089175;15/11/2026;C96;#N/A N/A;AT MATURITY;COP;#N/A N/A;#N/A N/A;#N/A N/A;15/05/2023;3.550992471;Normal;FLOATING
Banco GNB Sudameris SA;GNBSUD;17.836625;22/11/2026;B2;#N/A N/A;AT MATURITY;COP;#N/A N/A;#N/A N/A;#N/A N/A;23/05/2023;3.570157426;Normal;FLOATING
Grupo Aval Acciones y Valores SA;AVALCB;17.62145;24/11/2026;A10;#N/A N/A;AT MATURITY;COP;#N/A N/A;#N/A N/A;#N/A N/A;24/05/2023;3.575633128;Normal;FLOATING
Instituto Colombiano de Credito Educativo y Estudios Tecnicos en el Exterior;ICCEE;17.460032;15/12/2026;C5;#N/A N/A;AT MATURITY;COP;#N/A N/A;#N/A N/A;#N/A N/A;15/06/2023;3.633127995;Normal;FLOATING
Geopark Ltd;GEOPAR;5.5;17/01/2027;REGS;B+;CALLABLE;USD;11.16048699;0.121141619;0.120843936;17/07/2023;3.72347707;Normal;FIXED
Geopark Ltd;GEOPAR;5.5;17/01/2027;144A;B+;CALLABLE;USD;11.20721077;0.121086526;0.12077313;17/07/2023;3.72347707;Normal;FIXED
Banco Popular SA;BCOPOP;6.29;4/02/2027;B;#N/A N/A;AT MATURITY;COP;#N/A N/A;#N/A N/A;#N/A N/A;4/05/2023;3.772758385;Normal;FIXED
Banco Davivienda SA;DAVIVI;6.24;11/02/2027;F;#N/A N/A;AT MATURITY;COP;#N/A N/A;#N/A N/A;#N/A N/A;11/05/2023;3.79192334;Normal;FIXED
Colombia Government International Bond;COLOM;8.375;15/02/2027;#N/A Field Not Applicable;BB+;AT MATURITY;USD;7.891019482;0.124122579;0.123915823;15/08/2023;3.802874743;Short First;FIXED
Banco Serfinanzas SA;BSERCO;6.59;19/02/2027;A;#N/A N/A;AT MATURITY;COP;#N/A N/A;#N/A N/A;#N/A N/A;19/05/2023;3.813826146;Normal;FIXED
Banco Popular SA;BCOPOP;17.629952;10/03/2027;C5;#N/A N/A;AT MATURITY;COP;#N/A N/A;#N/A N/A;#N/A N/A;10/06/2023;3.865845311;Normal;FLOATING
Colombian TES;COLTES;3.3;17/03/2027;UVR;NR;AT MATURITY;COP;4.562811645;0.162267891;0.161721236;17/03/2024;3.885010267;Normal;FIXED
Empresas Publicas de Medellin ESP;EEPPME;17.782928;19/03/2027;A12;#N/A N/A;AT MATURITY;COP;#N/A N/A;#N/A N/A;#N/A N/A;19/06/2023;3.890485969;Normal;FLOATING
Banco GNB Sudameris SA;GNBSUD;7.051;3/04/2027;REGS;B+;CALLABLE;USD;11.27045861;0.130717904;0.130196575;3/10/2023;3.93155373;Normal;VARIABLE
Banco GNB Sudameris SA;GNBSUD;7.051;3/04/2027;144A;B+;CALLABLE;USD;11.56365924;0.130431011;0.12969905;3/10/2023;3.93155373;Normal;VARIABLE
SURA Asset Management SA;SUAMSA;4.375;11/04/2027;REGS;BBB;AT MATURITY;USD;6.424968368;0.147958648;0.147889745;11/10/2023;3.953456537;Normal;FIXED
SURA Asset Management SA;SUAMSA;4.375;11/04/2027;144A;BBB;AT MATURITY;USD;6.41888733;0.148040366;0.147900518;11/10/2023;3.953456537;Normal;FIXED
Empresa de Energia del Pacifico SA ESP;EPSACB;17.828264;20/04/2027;C7;#N/A N/A;AT MATURITY;COP;#N/A N/A;#N/A N/A;#N/A N/A;21/07/2023;3.978097194;Normal;FLOATING
Banco Davivienda SA;DAVIVI;18.508304;25/04/2027;C180;#N/A N/A;AT MATURITY;COP;#N/A N/A;#N/A N/A;#N/A N/A;25/07/2023;3.991786448;Normal;FLOATING
Colombia Government International Bond;COLOM;3.875;25/04/2027;#N/A Field Not Applicable;BB+;CALLABLE;USD;6.849121407;0.151998549;0.151611667;25/10/2023;3.991786448;Long First;FIXED
Cementos Argos SA;CEMCAR;18.34625;16/05/2027;C15;#N/A N/A;AT MATURITY;COP;#N/A N/A;#N/A N/A;#N/A N/A;16/05/2023;4.049281314;Normal;FLOATING
Gran Tierra Energy Inc;GTE;7.75;23/05/2027;REGS;B;CALLABLE;USD;15.9238675;0.1234616;0.123187995;23/05/2023;4.06844627;Normal;FIXED
Gran Tierra Energy Inc;GTE;7.75;23/05/2027;144a;B;CALLABLE;USD;15.9246831;0.123550566;0.123186504;23/05/2023;4.06844627;Normal;FIXED
Isagen SA ESP;ISAGEN;6.98;6/06/2027;A;#N/A N/A;AT MATURITY;COP;#N/A N/A;#N/A N/A;#N/A N/A;6/06/2023;4.106776181;Normal;FIXED
Banco Davivienda SA;DAVIVI;17.120192;7/06/2027;C120;#N/A N/A;AT MATURITY;COP;#N/A N/A;#N/A N/A;#N/A N/A;7/06/2023;4.109514031;Normal;FLOATING
Grupo Energia Bogota SA ESP;GEBCB;16.950272;25/06/2027;C7;#N/A N/A;AT MATURITY;COP;#N/A N/A;#N/A N/A;#N/A N/A;26/06/2023;4.158795346;Normal;FLOATING
Colombia Government International Bond;COLOM;9.85;28/06/2027;#N/A Field Not Applicable;BB+;AT MATURITY;COP;12.11975193;0.128760095;0.127945635;28/06/2023;4.167008898;Normal;FIXED
Oleoducto Central SA;OCENSA;4;14/07/2027;REGS;BB+;CALLABLE;USD;7.332332188;0.163892501;0.163249274;14/07/2023;4.210814511;Normal;FIXED
Oleoducto Central SA;OCENSA;4;14/07/2027;144A;BB+;CALLABLE;USD;7.275195237;0.163601563;0.163366101;14/07/2023;4.210814511;Normal;FIXED
Interconexion Electrica SA ESP;ISACB;17.295566;25/07/2027;C9;#N/A N/A;AT MATURITY;COP;#N/A N/A;#N/A N/A;#N/A N/A;25/07/2023;4.240930869;Normal;FLOATING
Banco de Bogota SA;BANBOG;4.375;3/08/2027;REGS;BB+;CALLABLE;USD;6.928261731;0.16686863;0.166552604;3/08/2023;4.265571526;Normal;FIXED
Banco de Bogota SA;BANBOG;4.375;3/08/2027;144A;BB+;CALLABLE;USD;6.926219376;0.16673699;0.166556927;3/08/2023;4.265571526;Normal;FIXED
Banco de Occidente SA;BANOCC;18.085775;9/08/2027;B15;#N/A N/A;AT MATURITY;COP;#N/A N/A;#N/A N/A;#N/A N/A;9/05/2023;4.281998631;Normal;FLOATING
Grupo de Inversiones Suramericana SA;GRUPOS;16.12655;11/08/2027;C7;#N/A N/A;AT MATURITY;COP;#N/A N/A;#N/A N/A;#N/A N/A;11/05/2023;4.287474333;Normal;FLOATING
Banco Davivienda SA;DAVIVI;18.040475;15/08/2027;C180;#N/A N/A;AT MATURITY;COP;#N/A N/A;#N/A N/A;#N/A N/A;15/05/2023;4.298425736;Normal;FLOATING
Codensa SA ESP;CODENS;16.11683;25/08/2027;B7;#N/A N/A;AT MATURITY;COP;#N/A N/A;#N/A N/A;#N/A N/A;25/05/2023;4.325804244;Normal;FLOATING
UNE EPM Telecomunicaciones SA;UNEEPM;22.69055;5/10/2027;C57;#N/A N/A;AT MATURITY;COP;#N/A N/A;#N/A N/A;#N/A N/A;5/07/2023;4.438056126;Normal;FLOATING
Bancolombia SA;BCOLO;6.909;18/10/2027;#N/A Field Not Applicable;BB-;CALLABLE;USD;8.649850968;0.169253604;0.168742318;18/10/2023;4.473648186;Normal;VARIABLE
Grupo Argos SA/Colombia;ARGOS;16.34351;28/10/2027;C7;#N/A N/A;AT MATURITY;COP;#N/A N/A;#N/A N/A;#N/A N/A;28/07/2023;4.501026694;Normal;FLOATING
Colombia Government International Bond;COLOM;5.75;3/11/2027;REGS;NR;AT MATURITY;COP;11.33930931;0.16886798;0.168290677;3/11/2023;4.517453799;Normal;FIXED
Colombia Government International Bond;COLOM;5.75;3/11/2027;144A;NR;AT MATURITY;COP;11.33930931;0.16886798;0.168290677;3/11/2023;4.517453799;Normal;FIXED
Colombian TES;COLTES;5.75;3/11/2027;B;BB+;AT MATURITY;COP;11.41893615;0.168400245;0.167994378;3/11/2023;4.517453799;Normal;FIXED
Empresas Publicas de Medellin ESP;EEPPME;8.375;8/11/2027;REGS;BB+;CALLABLE;COP;15.01553312;0.147250063;0.145691637;8/11/2023;4.531143053;Normal;FIXED
Empresas Publicas de Medellin ESP;EEPPME;8.375;8/11/2027;144A;BB+;CALLABLE;COP;15.01219694;0.14743624;0.145876747;8/11/2023;4.531143053;Normal;FIXED
Banco de Occidente SA;BANOCC;18.516125;19/11/2027;B12;#N/A N/A;AT MATURITY;COP;#N/A N/A;#N/A N/A;#N/A N/A;19/05/2023;4.561259411;Normal;FLOATING
Banco Colpatria Multibanca Colpatria SA;BNSCN;17.748926;5/12/2027;FS10;#N/A N/A;AT MATURITY;COP;#N/A N/A;#N/A N/A;#N/A N/A;5/06/2023;4.605065024;Normal;FLOATING
Enel Colombia SA ESP;EMGSA;17.465576;13/12/2027;B15;#N/A N/A;AT MATURITY;COP;#N/A N/A;#N/A N/A;#N/A N/A;13/06/2023;4.62696783;Normal;FLOATING
Itau Corpbanca Colombia SA;SANCOL;17.8736;7/02/2028;AS15;#N/A N/A;AT MATURITY;COP;#N/A N/A;#N/A N/A;#N/A N/A;7/05/2023;4.780287474;Normal;FLOATING
Banco Davivienda SA;DAVIVI;17.179775;13/02/2028;C180;#N/A N/A;AT MATURITY;COP;#N/A N/A;#N/A N/A;#N/A N/A;13/05/2023;4.796714579;Normal;FLOATING
Interconexion Electrica SA ESP;ISACB;18.969125;16/02/2028;C12;#N/A N/A;AT MATURITY;COP;#N/A N/A;#N/A N/A;#N/A N/A;16/02/2024;4.804928131;Normal;FLOATING
UNE EPM Telecomunicaciones SA;UNEEPM;5.56;16/02/2028;A7;#N/A N/A;AT MATURITY;COP;#N/A N/A;#N/A N/A;#N/A N/A;16/05/2023;4.804928131;Normal;FIXED
Banco Davivienda SA;DAVIVI;15.413075;18/02/2028;C84;#N/A N/A;AT MATURITY;COP;#N/A N/A;#N/A N/A;#N/A N/A;18/05/2023;4.810403833;Normal;FLOATING
Banco Bilbao Vizcaya Argentaria Colombia SA;BANGAN;17.748926;19/02/2028;G180;#N/A N/A;AT MATURITY;COP;#N/A N/A;#N/A N/A;#N/A N/A;19/05/2023;4.813141684;Normal;FLOATING
ABRA Global Finance;ABRAGF;11.5;2/03/2028;REGS;#N/A N/A;CALLABLE;USD;17.16371141;0.179089264;0.178796023;30/06/2023;4.845995893;Short First;PAY-IN-KIND
ABRA Global Finance;ABRAGF;11.5;2/03/2028;144A;#N/A N/A;CALLABLE;USD;17.1845538;0.178976189;0.178742943;30/06/2023;4.845995893;Short First;PAY-IN-KIND
ABRA Global Finance;ABRAGF;5;2/03/2028;144A;#N/A N/A;AT MATURITY;USD;8.902449458;0.235234271;0.235112595;30/06/2023;4.845995893;Long First;PAY-IN-KIND
ABRA Global Finance;ABRAGF;5;2/03/2028;REGS;#N/A N/A;AT MATURITY;USD;9.0524803;0.235317395;0.234940164;30/06/2023;4.845995893;Long First;PAY-IN-KIND
Colombia Government International Bond;COLOM;11.85;9/03/2028;#N/A Field Not Applicable;BB+;AT MATURITY;USD;7.242644892;0.178456611;0.1780671;9/09/2023;4.865160849;Normal;FIXED
Colombia Government International Bond;COLOM;6;28/04/2028;REGS;BBB-;AT MATURITY;COP;11.21504739;0.205164803;0.204232757;28/04/2024;5.002053388;Normal;FIXED
Colombian TES;COLTES;6;28/04/2028;B;BBB-;AT MATURITY;COP;11.44035393;0.203691537;0.203222293;28/04/2024;5.002053388;Normal;FIXED
Colombia Government International Bond;COLOM;6;28/04/2028;144A;BBB-;AT MATURITY;COP;11.21504739;0.205164803;0.204232757;28/04/2024;5.002053388;Normal;FIXED
Interconexion Electrica SA ESP;ISACB;16.930625;22/05/2028;C15;#N/A N/A;AT MATURITY;COP;#N/A N/A;#N/A N/A;#N/A N/A;22/05/2023;5.067761807;Normal;FLOATING
Banco de Occidente SA;BANOCC;16.76075;29/05/2028;B15;#N/A N/A;AT MATURITY;COP;#N/A N/A;#N/A N/A;#N/A N/A;29/05/2023;5.086926762;Normal;FLOATING
Organizacion Terpel SA;TERPCO;17.35808;7/06/2028;C10;#N/A N/A;AT MATURITY;COP;#N/A N/A;#N/A N/A;#N/A N/A;7/06/2023;5.11156742;Normal;FLOATING
SierraCol Energy Andina LLC;SIERRA;6;15/06/2028;REGS;B+;CALLABLE;USD;13.03860726;0.198967666;0.198277085;15/06/2023;5.133470226;Short First;FIXED
SierraCol Energy Andina LLC;SIERRA;6;15/06/2028;144A;B+;CALLABLE;USD;12.96704681;0.198717148;0.198506898;15/06/2023;5.133470226;Short First;FIXED
Frontera Energy Corp;FECCN;7.875;21/06/2028;REGS;B;CALLABLE;USD;14.05030793;0.186090403;0.185484017;21/06/2023;5.149897331;Normal;FIXED
Frontera Energy Corp;FECCN;7.875;21/06/2028;144A;B;CALLABLE;USD;14.25063201;0.186281376;0.184833554;21/06/2023;5.149897331;Normal;FIXED
Cementos Argos SA;CEMCAR;17.528;27/06/2028;C10;#N/A N/A;AT MATURITY;COP;#N/A N/A;#N/A N/A;#N/A N/A;27/06/2023;5.166324435;Normal;FLOATING
Bogota Distrito Capital;BOGOTA;9.75;26/07/2028;REGS;BBB-;SINKABLE;COP;13.60909144;0.124716209;0.122299886;26/07/2023;5.245722108;Normal;FIXED
Bogota Distrito Capital;BOGOTA;9.75;26/07/2028;144A;BBB-;SINKABLE;COP;13.60724167;0.12488556;0.122467694;26/07/2023;5.245722108;Normal;FIXED
Banco Davivienda SA;DAVIVI;17.8736;27/07/2028;C144;#N/A N/A;AT MATURITY;COP;#N/A N/A;#N/A N/A;#N/A N/A;27/07/2023;5.248459959;Normal;FLOATING
Isagen SA ESP;ISAGEN;6.26;27/08/2028;A8;#N/A N/A;AT MATURITY;COP;#N/A N/A;#N/A N/A;#N/A N/A;27/05/2023;5.333333333;Normal;FIXED
Ecopetrol SA;ECOPET;18.89366;27/08/2028;C15;#N/A N/A;AT MATURITY;COP;#N/A N/A;#N/A N/A;#N/A N/A;28/08/2023;5.333333333;Normal;FLOATING
Pei Asset Management SAS;PEICOL;17.7347;28/08/2028;C10;#N/A N/A;AT MATURITY;COP;#N/A N/A;#N/A N/A;#N/A N/A;29/05/2023;5.336071184;Normal;FLOATING
Isagen SA ESP;ISAGEN;17.561984;13/09/2028;C12;#N/A N/A;AT MATURITY;COP;#N/A N/A;#N/A N/A;#N/A N/A;13/06/2023;5.379876797;Normal;FLOATING
Banco de Occidente SA;BANOCC;17.76026;26/10/2028;B144;#N/A N/A;AT MATURITY;COP;#N/A N/A;#N/A N/A;#N/A N/A;26/07/2023;5.497604381;Normal;FLOATING
Transportadora de Gas Internacional SA ESP;TRAGSA;5.55;1/11/2028;REGS;BBB-;CALLABLE;USD;6.290681974;0.258298562;0.257884038;1/11/2023;5.514031485;Normal;FIXED
Transportadora de Gas Internacional SA ESP;TRAGSA;5.55;1/11/2028;144A;BBB-;CALLABLE;USD;6.266664267;0.258380709;0.257976905;1/11/2023;5.514031485;Normal;FIXED
Banco Davivienda SA;DAVIVI;17.3723;19/11/2028;C120;#N/A N/A;AT MATURITY;COP;#N/A N/A;#N/A N/A;#N/A N/A;19/05/2023;5.563312799;Normal;FLOATING
Canacol Energy Ltd;CNECN;5.75;24/11/2028;REGS;BB-;CALLABLE;USD;10.78254804;0.237381631;0.236620289;24/05/2023;5.577002053;Normal;FIXED
Canacol Energy Ltd;CNECN;5.75;24/11/2028;144A;BB-;CALLABLE;USD;10.74776731;0.237031673;0.236760647;24/05/2023;5.577002053;Normal;FIXED
Instituto Colombiano de Credito Educativo y Estudios Tecnicos en el Exterior;ICCEE;17.75735;24/11/2028;C7;#N/A N/A;AT MATURITY;COP;#N/A N/A;#N/A N/A;#N/A N/A;24/05/2023;5.577002053;Normal;FLOATING
Avianca Midco 2 PLC;AVIAGP;9;1/12/2028;144A;B-;CALLABLE;USD;13.45848008;0.206123934;0.205394339;1/06/2023;5.596167009;Normal;FIXED
Avianca Midco 2 PLC;AVIAGP;9;1/12/2028;REGS;B-;CALLABLE;USD;13.35802699;0.20614166;0.205801923;1/06/2023;5.596167009;Normal;FIXED
Avianca Midco 2 PLC;AVIAGP;9;1/12/2028;REGs;B-;CALLABLE;USD;13.07677115;0.208802851;0.20694544;1/06/2023;5.596167009;Normal;FIXED
Avianca Midco 2 PLC;AVIAGP;9;1/12/2028;144a;NR;CALLABLE;USD;13.19630619;0.208482655;0.20645902;1/06/2023;5.596167009;Normal;FIXED
Departamento de Cundinamarca;CUNDI;17.78;5/12/2028;C10;#N/A N/A;AT MATURITY;COP;#N/A N/A;#N/A N/A;#N/A N/A;5/06/2023;5.607118412;Normal;FLOATING
Patrimonio Autonomo Grupo Financiero de Infraestructura 2008-1;AGUACO;8;15/12/2028;A;#N/A N/A;SINKABLE;COP;#N/A N/A;#N/A N/A;#N/A N/A;15/12/2023;5.63449692;Normal;FIXED
AI Candelaria Spain SA;AICNRA;7.5;15/12/2028;REGS;BB-;CALL/SINK;USD;9.654561655;0.159760517;0.15614383;15/06/2023;5.63449692;Long First;FIXED
AI Candelaria Spain SA;AICNRA;7.5;15/12/2028;144A;BB-;CALL/SINK;USD;9.485249429;0.160547161;0.157213561;15/06/2023;5.63449692;Long First;FIXED
Termocandelaria Power Ltd;TERMOC;7.875;30/01/2029;REGS;BB-;CALL/SINK;USD;10.68019347;0.130977854;0.130432521;30/07/2023;5.760438056;Normal;FIXED
Termocandelaria Power Ltd;TERMOC;7.875;30/01/2029;144A;BB-;CALL/SINK;USD;10.70664717;0.131377106;0.130353678;30/07/2023;5.760438056;Normal;FIXED
Grupo de Inversiones Suramericana SA;GRUPOS;17.30435;23/02/2029;C12;#N/A N/A;AT MATURITY;COP;#N/A N/A;#N/A N/A;#N/A N/A;23/05/2023;5.826146475;Normal;FLOATING
Isagen SA ESP;ISAGEN;17.836625;3/03/2029;C7;#N/A N/A;AT MATURITY;COP;#N/A N/A;#N/A N/A;#N/A N/A;3/06/2023;5.848049281;Normal;FLOATING
Codensa SA ESP;CODENS;17.374904;7/03/2029;B10;#N/A N/A;AT MATURITY;COP;#N/A N/A;#N/A N/A;#N/A N/A;7/06/2023;5.859000684;Normal;FLOATING
Colombia Government International Bond;COLOM;4.5;15/03/2029;#N/A Field Not Applicable;BB+;CALLABLE;USD;7.303197364;0.291823171;0.291134834;15/09/2023;5.880903491;Short First;FIXED
Colombia Government International Bond;COLOM;2.25;18/04/2029;REGS;#N/A N/A;AT MATURITY;COP;4.692096573;0.350810094;0.349946297;18/04/2024;5.973990418;Normal;FIXED
Colombia Government International Bond;COLOM;2.25;18/04/2029;144A;NR;AT MATURITY;COP;4.692096573;0.350810094;0.349946297;18/04/2024;5.973990418;Normal;FIXED
Colombian TES;COLTES;2.25;18/04/2029;UVR;#N/A N/A;AT MATURITY;COP;4.642459026;0.35172609;0.350323161;18/04/2024;5.973990418;Normal;FIXED
Banco de Occidente SA;BANOCC;17.488244;27/04/2029;B144;#N/A N/A;AT MATURITY;COP;#N/A N/A;#N/A N/A;#N/A N/A;27/04/2024;5.998631075;Normal;FLOATING
Isagen SA ESP;ISAGEN;17.043875;19/05/2029;C8;#N/A N/A;AT MATURITY;COP;#N/A N/A;#N/A N/A;#N/A N/A;19/05/2023;6.058863792;Normal;FLOATING
Colombia Telecomunicaciones SA ESP;TELEFO;17.089175;29/05/2029;C;#N/A N/A;AT MATURITY;COP;#N/A N/A;#N/A N/A;#N/A N/A;29/05/2023;6.0862423;Normal;FLOATING
Banco Davivienda SA;DAVIVI;16.774202;16/07/2029;C;#N/A N/A;AT MATURITY;COP;#N/A N/A;#N/A N/A;#N/A N/A;16/07/2023;6.217659138;Normal;FLOATING
Colombina SA;COLBNA;17.159558;17/07/2029;C;#N/A N/A;AT MATURITY;COP;#N/A N/A;#N/A N/A;#N/A N/A;17/07/2023;6.220396988;Normal;FLOATING
Empresas Publicas de Medellin ESP;EEPPME;4.25;18/07/2029;REGS;BB+;CALLABLE;USD;8.865194759;0.313712946;0.313028004;18/07/2023;6.223134839;Normal;FIXED
Empresas Publicas de Medellin ESP;EEPPME;4.25;18/07/2029;144A;BB+;CALLABLE;USD;8.772852507;0.313843564;0.313502826;18/07/2023;6.223134839;Normal;FIXED
Interconexion Electrica SA ESP;ISACB;6.33;13/08/2029;A9;#N/A N/A;AT MATURITY;COP;#N/A N/A;#N/A N/A;#N/A N/A;13/05/2023;6.29431896;Normal;FIXED
Corp Financiera Colombiana SA;CFV;16.726775;27/08/2029;A;#N/A N/A;AT MATURITY;COP;#N/A N/A;#N/A N/A;#N/A N/A;27/05/2023;6.332648871;Normal;FLOATING
Fiduciaria Bogota SA/Colombia;FIBOCB;15.4;6/09/2029;A8;#N/A N/A;AT MATURITY;COP;#N/A N/A;#N/A N/A;#N/A N/A;6/06/2023;6.360027379;Normal;FLOATING
Fiduciaria Bogota SA/Colombia;FIBOCB;17.98112;6/09/2029;B8;#N/A N/A;AT MATURITY;COP;#N/A N/A;#N/A N/A;#N/A N/A;6/06/2023;6.360027379;Normal;FLOATING
Grupo Argos SA/Colombia;ARGOS;18.145616;10/09/2029;D15;#N/A N/A;AT MATURITY;COP;#N/A N/A;#N/A N/A;#N/A N/A;10/06/2023;6.370978782;Normal;FLOATING
Banco de Occidente SA;BANOCC;16.259264;18/09/2029;B;#N/A N/A;AT MATURITY;COP;#N/A N/A;#N/A N/A;#N/A N/A;18/06/2023;6.392881588;Normal;FLOATING
Bancolombia SA;BCOLO;18.61031;24/09/2029;D15;#N/A N/A;AT MATURITY;COP;#N/A N/A;#N/A N/A;#N/A N/A;24/06/2023;6.409308693;Normal;FLOATING
Promigas SA ESP / Gases del Pacifico SAC;PROMIG;3.75;16/10/2029;REGS;BBB-;CALLABLE;USD;7.345683624;0.354379531;0.353396106;16/10/2023;6.46954141;Normal;FIXED
Promigas SA ESP / Gases del Pacifico SAC;PROMIG;3.75;16/10/2029;144A;BBB-;CALLABLE;USD;7.345461453;0.353776393;0.353397326;16/10/2023;6.46954141;Normal;FIXED
Itau Corpbanca Colombia SA;SANCOL;16.468184;16/10/2029;C;#N/A N/A;AT MATURITY;COP;#N/A N/A;#N/A N/A;#N/A N/A;16/07/2023;6.46954141;Normal;FLOATING
Bogota Distrito Capital;BOGOTA;16.502186;24/10/2029;D10;#N/A N/A;AT MATURITY;COP;#N/A N/A;#N/A N/A;#N/A N/A;24/07/2023;6.491444216;Normal;FLOATING
Pei Asset Management SAS;PEICOL;7.28;7/11/2029;A10;#N/A N/A;AT MATURITY;COP;#N/A N/A;#N/A N/A;#N/A N/A;7/05/2023;6.529774127;Normal;FIXED
Grupo de Inversiones Suramericana SA;GRUPOS;19.93175;25/11/2029;C20;#N/A N/A;AT MATURITY;COP;#N/A N/A;#N/A N/A;#N/A N/A;25/05/2023;6.579055441;Normal;FLOATING
Banco Bilbao Vizcaya Argentaria Colombia SA;BANGAN;18.304292;26/11/2029;G180;#N/A N/A;AT MATURITY;COP;#N/A N/A;#N/A N/A;#N/A N/A;26/05/2023;6.581793292;Normal;FLOATING
Cementos Argos SA;CEMCAR;18.017825;27/11/2029;C15;#N/A N/A;AT MATURITY;COP;#N/A N/A;#N/A N/A;#N/A N/A;27/05/2023;6.584531143;Normal;FLOATING
Patrimonio Autonomo Grupo Financiero de Infrastrutura 2010;AGUACO;8;13/12/2029;A;#N/A N/A;SINKABLE;COP;#N/A N/A;#N/A N/A;#N/A N/A;13/12/2023;6.628336756;Short First;FIXED
Bancolombia SA;BCOLO;4.625;18/12/2029;#N/A Field Not Applicable;BB-;CALLABLE;USD;8.965857447;0.028312783;0.028261024;18/06/2023;6.64202601;Normal;VARIABLE
Carvajal SA;CARVCO;17.0792;29/01/2030;A10;#N/A N/A;AT MATURITY;COP;#N/A N/A;#N/A N/A;#N/A N/A;29/04/2023;6.757015743;Normal;FLOATING
Colombia Government International Bond;COLOM;3;30/01/2030;#N/A Field Not Applicable;BB+;CALLABLE;USD;7.512471814;0.389512617;0.388648615;30/07/2023;6.759753593;Normal;FIXED
Grupo Aval Ltd;AVALCB;4.375;4/02/2030;REGS;BB;CALLABLE;USD;9.222821909;0.358635495;0.357508574;4/08/2023;6.773442847;Normal;FIXED
Grupo Aval Ltd;AVALCB;4.375;4/02/2030;144A;BB;CALLABLE;USD;9.180672673;0.358788444;0.357776682;4/08/2023;6.773442847;Normal;FIXED
Organizacion Terpel SA;TERPCO;17.941604;18/02/2030;D15;#N/A N/A;AT MATURITY;COP;#N/A N/A;#N/A N/A;#N/A N/A;18/05/2023;6.811772758;Normal;FLOATING
Itau Corpbanca Colombia SA;SANCOL;2.71;27/02/2030;U;#N/A N/A;AT MATURITY;COP;#N/A N/A;#N/A N/A;#N/A N/A;27/02/2024;6.836413415;Normal;FIXED
Isagen SA ESP;ISAGEN;17.2817;27/02/2030;C12;#N/A N/A;AT MATURITY;COP;#N/A N/A;#N/A N/A;#N/A N/A;27/05/2023;6.836413415;Normal;FLOATING
UNE EPM Telecomunicaciones SA;UNEEPM;6.6;4/03/2030;A10;#N/A N/A;AT MATURITY;COP;#N/A N/A;#N/A N/A;#N/A N/A;4/06/2023;6.850102669;Normal;FIXED
Promigas SA ESP;PROMIG;18.230336;11/03/2030;A15;#N/A N/A;AT MATURITY;COP;#N/A N/A;#N/A N/A;#N/A N/A;11/06/2023;6.869267625;Normal;FLOATING
Codensa SA ESP;CODENS;17.408906;11/04/2030;B12;#N/A N/A;AT MATURITY;COP;#N/A N/A;#N/A N/A;#N/A N/A;11/07/2023;6.954140999;Normal;FLOATING
Empresa de Energia del Pacifico SA ESP;EPSACB;20.231072;21/04/2030;20;#N/A N/A;AT MATURITY;COP;#N/A N/A;#N/A N/A;#N/A N/A;21/07/2023;6.981519507;Normal;FLOATING
Ecopetrol SA;ECOPET;6.875;29/04/2030;#N/A Field Not Applicable;BB+;CALLABLE;USD;9.035240858;0.352682639;0.352208315;29/10/2023;7.003422313;Normal;FIXED
Grupo de Inversiones Suramericana SA;GRUPOS;18.04361;7/05/2030;D16;#N/A N/A;AT MATURITY;COP;#N/A N/A;#N/A N/A;#N/A N/A;7/05/2023;7.02532512;Normal;FLOATING
Interconexion Electrica SA ESP;ISACB;17.93855;7/05/2030;C15;#N/A N/A;AT MATURITY;COP;#N/A N/A;#N/A N/A;#N/A N/A;7/05/2023;7.02532512;Normal;FLOATING
Grupo Energia Bogota SA ESP;GEBCB;4.875;15/05/2030;REGS;BBB;CALLABLE;USD;6.61470479;0.389815859;0.388968118;15/05/2023;7.047227926;Normal;FIXED
Grupo Energia Bogota SA ESP;GEBCB;4.875;15/05/2030;144A;BBB;CALLABLE;USD;6.613748227;0.389854053;0.388975244;15/05/2023;7.047227926;Normal;FIXED
Enel Colombia SA ESP;EMGSA;18.04361;16/05/2030;B16;#N/A N/A;AT MATURITY;COP;#N/A N/A;#N/A N/A;#N/A N/A;16/05/2023;7.049965777;Long First;FLOATING
Bogota Distrito Capital;BOGOTA;17.44025;21/05/2030;D10;#N/A N/A;AT MATURITY;COP;#N/A N/A;#N/A N/A;#N/A N/A;21/05/2023;7.063655031;Normal;FLOATING
Cementos Argos SA;CEMCAR;13.205972;24/05/2030;C13;#N/A N/A;AT MATURITY;COP;#N/A N/A;#N/A N/A;#N/A N/A;24/05/2023;7.071868583;Normal;FLOATING
Patrimonio Autonomo Grupo Financiero de Infrastrutura 2010;AGUACO;7.02;27/05/2030;A;#N/A N/A;AT MATURITY;COP;#N/A N/A;#N/A N/A;#N/A N/A;27/05/2023;7.080082136;Normal;FIXED
Colombia Telecomunicaciones SA ESP;TELEFO;4.95;17/07/2030;REGS;BB+;CALLABLE;USD;9.686608261;0.384298037;0.38392066;17/07/2023;7.219712526;Normal;FIXED
Colombia Telecomunicaciones SA ESP;TELEFO;4.95;17/07/2030;144A;BB+;CALLABLE;USD;9.830966098;0.383321916;0.382811987;17/07/2023;7.219712526;Normal;FIXED
Colombia Government International Bond;COLOM;7.75;18/09/2030;144A;#N/A N/A;AT MATURITY;COP;11.64613665;0.333181461;0.331830243;18/09/2023;7.392197125;Normal;FIXED
Colombia Government International Bond;COLOM;7.75;18/09/2030;REGS;#N/A N/A;AT MATURITY;COP;11.65181878;0.331819608;0.330471349;18/09/2023;7.392197125;Normal;FIXED
Colombian TES;COLTES;7.75;18/09/2030;B;BBB-;AT MATURITY;COP;11.68910052;0.333214082;0.331378249;18/09/2023;7.392197125;Normal;FIXED
Financiera de Desarrollo Nacional SA;FINENE;16.33856;1/10/2030;B10;#N/A N/A;AT MATURITY;COP;#N/A N/A;#N/A N/A;#N/A N/A;1/07/2023;7.427789185;Long First;FLOATING
Grupo Bolivar SA;BOLI;16.354844;27/10/2030;A10;#N/A N/A;AT MATURITY;COP;#N/A N/A;#N/A N/A;#N/A N/A;27/07/2023;7.498973306;Normal;FLOATING
Barranquilla Distrito Especial Industrial y Portuario;DIBACO;3.1;3/12/2030;C10;#N/A N/A;AT MATURITY;COP;#N/A N/A;#N/A N/A;#N/A N/A;3/12/2023;7.600273785;Normal;FIXED
Empresas Publicas de Medellin ESP;EEPPME;18.938996;14/12/2030;A20A;#N/A N/A;AT MATURITY;COP;#N/A N/A;#N/A N/A;#N/A N/A;14/06/2023;7.630390144;Normal;FLOATING
Corp Primax Colombia;CPRMCO;3.11;16/12/2030;J10;#N/A N/A;AT MATURITY;COP;#N/A N/A;#N/A N/A;#N/A N/A;16/12/2023;7.635865845;Normal;FIXED
EnfraGen Energia Sur SA / EnfraGen Spain SA / Prime Energia SpA;ENFRAG;5.375;30/12/2030;REGS;BB;CALLABLE;USD;13.15675135;0.398147121;0.39627886;30/06/2023;7.674195756;Long First;FIXED
EnfraGen Energia Sur SA / EnfraGen Spain SA / Prime Energia SpA;ENFRAG;5.375;30/12/2030;144A;BB;CALLABLE;USD;13.14725992;0.398401147;0.396350477;30/06/2023;7.674195756;Long First;FIXED
Empresas Publicas de Medellin ESP;EEPPME;4.375;15/02/2031;REGS;BB+;CALLABLE;USD;8.916223418;0.456054783;0.455415765;15/08/2023;7.802874743;Long First;FIXED
Empresas Publicas de Medellin ESP;EEPPME;4.375;15/02/2031;144A;BB+;CALLABLE;USD;8.938876258;0.455820243;0.455206062;15/08/2023;7.802874743;Long First;FIXED
UNE EPM Telecomunicaciones SA;UNEEPM;16.205825;16/02/2031;C10;#N/A N/A;AT MATURITY;COP;#N/A N/A;#N/A N/A;#N/A N/A;16/05/2023;7.805612594;Normal;FLOATING
Banco Davivienda SA;DAVIVI;2.51;18/02/2031;U120;#N/A N/A;AT MATURITY;COP;#N/A N/A;#N/A N/A;#N/A N/A;18/05/2023;7.811088296;Normal;FIXED
Bogota Distrito Capital;BOGOTA;16.30775;25/02/2031;D10;#N/A N/A;AT MATURITY;COP;#N/A N/A;#N/A N/A;#N/A N/A;25/05/2023;7.830253251;Normal;FLOATING
Organizacion Terpel SA;TERPCO;17.07785;27/02/2031;C18;#N/A N/A;AT MATURITY;COP;#N/A N/A;#N/A N/A;#N/A N/A;27/05/2023;7.835728953;Normal;FLOATING
Colombia Government International Bond;COLOM;7;26/03/2031;144A;#N/A N/A;AT MATURITY;COP;11.66900982;0.393333875;0.392408672;26/03/2024;7.909650924;Normal;FIXED
Colombia Government International Bond;COLOM;7;26/03/2031;RegS;#N/A N/A;AT MATURITY;COP;11.36800216;0.398940288;0.396033329;26/03/2024;7.909650924;Normal;FIXED
Colombia Government International Bond;COLOM;7;26/03/2031;REGS;#N/A N/A;AT MATURITY;COP;11.66900982;0.393333875;0.392408672;26/03/2024;7.909650924;Normal;FIXED
Colombia Government International Bond;COLOM;7;26/03/2031;144a;#N/A N/A;AT MATURITY;COP;11.36800207;0.398940289;0.39603333;26/03/2024;7.909650924;Normal;FIXED
Colombian TES;COLTES;7;26/03/2031;B;NR;AT MATURITY;COP;11.76287472;0.392933263;0.39128427;26/03/2024;7.909650924;Normal;FIXED
Colombian TES;COLTES;7;26/03/2031;G;NR;AT MATURITY;COP;11.65561843;0.39420451;0.392569315;26/03/2024;7.909650924;Normal;FIXED
Cementos Argos SA;CEMCAR;18.406298;13/04/2031;C15;#N/A N/A;AT MATURITY;COP;#N/A N/A;#N/A N/A;#N/A N/A;13/07/2023;7.958932238;Normal;FLOATING
Colombia Government International Bond;COLOM;3.125;15/04/2031;#N/A Field Not Applicable;BB+;CALLABLE;USD;7.545169887;0.519221087;0.518088771;15/10/2023;7.96440794;Short First;FIXED
Banco GNB Sudameris SA;GNBSUD;7.5;16/04/2031;REGS;B;CALLABLE;USD;14.64442083;0.073449901;0.072931747;16/10/2023;7.967145791;Normal;VARIABLE
Banco GNB Sudameris SA;GNBSUD;7.5;16/04/2031;144A;B;CALLABLE;USD;14.62937932;0.073576038;0.072958673;16/10/2023;7.967145791;Normal;VARIABLE
Empresa de Energia del Pacifico SA ESP;EPSACB;17.510912;24/04/2031;C;#N/A N/A;AT MATURITY;COP;#N/A N/A;#N/A N/A;#N/A N/A;24/07/2023;7.989048597;Normal;FLOATING
Grupo de Inversiones Suramericana SA;GRUPOS;18.139712;22/06/2031;C15;#N/A N/A;AT MATURITY;COP;#N/A N/A;#N/A N/A;#N/A N/A;22/06/2023;8.150581793;Normal;FLOATING
Itau Corpbanca Colombia SA;SANCOL;17.494016;29/06/2031;C120;#N/A N/A;AT MATURITY;COP;#N/A N/A;#N/A N/A;#N/A N/A;29/06/2023;8.169746749;Normal;FLOATING
Itau Corpbanca Colombia SA;SANCOL;18.0065;10/08/2031;C180;#N/A N/A;AT MATURITY;COP;#N/A N/A;#N/A N/A;#N/A N/A;10/05/2023;8.284736482;Normal;FLOATING
Banco Davivienda SA;DAVIVI;17.13152;7/09/2031;C120;#N/A N/A;AT MATURITY;COP;#N/A N/A;#N/A N/A;#N/A N/A;7/06/2023;8.361396304;Normal;FLOATING
Banco Davivienda SA;DAVIVI;16.372544;26/09/2031;C;#N/A N/A;AT MATURITY;COP;#N/A N/A;#N/A N/A;#N/A N/A;26/06/2023;8.413415469;Normal;FLOATING
Ecopetrol SA;ECOPET;4.625;2/11/2031;#N/A Field Not Applicable;BB+;CALLABLE;USD;8.916761025;0.525903335;0.5253254;2/11/2023;8.514715948;Normal;FIXED
Itau Corpbanca Colombia SA;SANCOL;18.0065;23/11/2031;C180;#N/A N/A;AT MATURITY;COP;#N/A N/A;#N/A N/A;#N/A N/A;23/05/2023;8.572210815;Normal;FLOATING
Interconexion Electrica SA ESP;ISACB;17.496875;28/11/2031;C14;#N/A N/A;AT MATURITY;COP;#N/A N/A;#N/A N/A;#N/A N/A;29/05/2023;8.585900068;Normal;FLOATING
Instituto Colombiano de Credito Educativo y Estudios Tecnicos en el Exterior;ICCEE;18.071744;15/12/2031;C10;#N/A N/A;AT MATURITY;COP;#N/A N/A;#N/A N/A;#N/A N/A;15/06/2023;8.632443532;Normal;FLOATING
Banco Davivienda SA;DAVIVI;2.83;11/02/2032;U;#N/A N/A;AT MATURITY;COP;#N/A N/A;#N/A N/A;#N/A N/A;11/05/2023;8.791238877;Normal;FIXED
Banco Caja Social SA;BANCOC;17.632775;15/02/2032;C15;#N/A N/A;AT MATURITY;COP;#N/A N/A;#N/A N/A;#N/A N/A;15/05/2023;8.802190281;Normal;FLOATING
Grupo Energia Bogota SA ESP;GEBCB;17.610125;28/02/2032;A15;#N/A N/A;AT MATURITY;COP;#N/A N/A;#N/A N/A;#N/A N/A;28/05/2023;8.837782341;Normal;FLOATING
Interconexion Electrica SA ESP;ISACB;17.658254;18/04/2032;15C;#N/A N/A;AT MATURITY;COP;#N/A N/A;#N/A N/A;#N/A N/A;18/07/2023;8.97467488;Long First;FLOATING
Colombia Government International Bond;COLOM;3.25;22/04/2032;#N/A Field Not Applicable;BB+;CALLABLE;USD;7.609109709;0.632633038;0.631140369;22/10/2023;8.985626283;Normal;FIXED
Colombia Government International Bond;COLOM;7;30/06/2032;REGS;#N/A N/A;AT MATURITY;COP;11.82287995;0.44938845;0.447984913;30/06/2023;9.174537988;Normal;FIXED
Colombian TES;COLTES;7;30/06/2032;B;BB+;AT MATURITY;COP;11.87847786;0.450536671;0.448484005;30/06/2023;9.174537988;Normal;FIXED
Colombia Government International Bond;COLOM;7;30/06/2032;144A;NR;AT MATURITY;COP;11.81698956;0.450961416;0.449555333;30/06/2023;9.174537988;Normal;FIXED
Grupo de Inversiones Suramericana SA;GRUPOS;17.089175;11/08/2032;C12;#N/A N/A;AT MATURITY;COP;#N/A N/A;#N/A N/A;#N/A N/A;11/05/2023;9.289527721;Normal;FLOATING
Banco de Occidente SA;BANOCC;16.98725;20/08/2032;#N/A Field Not Applicable;#N/A N/A;AT MATURITY;COP;#N/A N/A;#N/A N/A;#N/A N/A;23/05/2023;9.314168378;Normal;FLOATING
Sodimac Colombia SA;SODIMA;17.47691;19/10/2032;B15;#N/A N/A;AT MATURITY;COP;#N/A N/A;#N/A N/A;#N/A N/A;20/07/2023;9.478439425;Normal;FLOATING
Gases de Occidente SA ESP;OCCICO;17.958464;11/12/2032;A20;#N/A N/A;AT MATURITY;COP;#N/A N/A;#N/A N/A;#N/A N/A;11/06/2023;9.623545517;Normal;FLOATING
Banco de Occidente SA;BANOCC;17.629952;14/12/2032;B180;#N/A N/A;AT MATURITY;COP;#N/A N/A;#N/A N/A;#N/A N/A;14/06/2023;9.631759069;Normal;FLOATING
Cia de Financiamiento Tuya SA;CFTUYA;27.32672;15/12/2032;D10;#N/A N/A;AT MATURITY;COP;#N/A N/A;#N/A N/A;#N/A N/A;15/06/2023;9.63449692;Normal;FLOATING
Transenergia Sao Paulo SA;GEBCB;6.0548;15/12/2032;11;#N/A N/A;CALL/SINK;BRL;#N/A N/A;#N/A N/A;#N/A N/A;15/06/2023;9.63449692;Short First;FIXED
Ecopetrol SA;ECOPET;8.875;13/01/2033;#N/A Field Not Applicable;BB+;CALLABLE;USD;9.4101575;0.521491458;0.520459088;13/07/2023;9.713894593;Normal;FIXED
Colombia Government International Bond;COLOM;10.375;28/01/2033;#N/A Field Not Applicable;BB+;AT MATURITY;USD;8.433317154;0.522836299;0.518056831;28/07/2023;9.754962355;Normal;FIXED
Promigas SA ESP;PROMIG;17.237568;29/01/2033;A20;#N/A N/A;AT MATURITY;COP;#N/A N/A;#N/A N/A;#N/A N/A;29/04/2023;9.757700205;Normal;FLOATING
Colombia Government International Bond;COLOM;13.25;9/02/2033;REGS;#N/A N/A;AT MATURITY;COP;12.10650779;0.426687492;0.423779747;9/02/2024;9.787816564;Normal;FIXED
Colombian TES;COLTES;13.25;9/02/2033;B;NR;AT MATURITY;COP;12.05796401;0.427725668;0.426055748;9/02/2024;9.787816564;Normal;FIXED
Colombia Government International Bond;COLOM;13.25;9/02/2033;144A;#N/A N/A;AT MATURITY;COP;12.10650779;0.426687492;0.423779747;9/02/2024;9.787816564;Normal;FIXED
Surtidora de Gases del Caribe SA ESP;SURTCO;17.3723;12/02/2033;A20;#N/A N/A;AT MATURITY;COP;#N/A N/A;#N/A N/A;#N/A N/A;12/05/2023;9.796030116;Normal;FLOATING
Colombian TES;COLTES;3;25/03/2033;UVR;BBB-;AT MATURITY;COP;4.857002411;0.811618899;0.808190271;25/03/2024;9.908281999;Normal;FIXED
Colombia Government International Bond;COLOM;8;20/04/2033;#N/A Field Not Applicable;BB+;CALLABLE;USD;8.069993056;0.598151347;0.595912957;20/10/2023;9.979466119;Short First;FIXED
Organizacion Terpel SA;TERPCO;17.652608;7/06/2033;C15;#N/A N/A;AT MATURITY;COP;#N/A N/A;#N/A N/A;#N/A N/A;7/06/2023;10.11088296;Normal;FLOATING
AI Candelaria Spain SA;AICNRA;5.75;15/06/2033;REGS;BB-;CALL/SINK;USD;10.54015374;0.39743617;0.395592931;15/06/2023;10.13278576;Short First;FIXED
AI Candelaria Spain SA;AICNRA;5.75;15/06/2033;144A;BB-;CALL/SINK;USD;10.53729206;0.397095715;0.395628535;15/06/2023;10.13278576;Short First;FIXED
Transenergia Renovavel SA;GEBCB;6.0405;15/06/2033;11;#N/A N/A;CALL/SINK;BRL;#N/A N/A;#N/A N/A;#N/A N/A;15/06/2023;10.13278576;Short First;FIXED
Goias Transmissao SA;GEBCB;6.0548;15/06/2033;11;#N/A N/A;CALL/SINK;BRL;#N/A N/A;#N/A N/A;#N/A N/A;15/06/2023;10.13278576;Short First;FIXED
Interconexion Electrica SA ESP;ISACB;17.748926;25/07/2033;C15;#N/A N/A;AT MATURITY;COP;#N/A N/A;#N/A N/A;#N/A N/A;25/07/2023;10.24229979;Normal;FLOATING
Bancolombia SA;BCOLO;17.460032;16/09/2033;C12;#N/A N/A;AT MATURITY;COP;#N/A N/A;#N/A N/A;#N/A N/A;16/06/2023;10.38740589;Normal;FLOATING
Corp Financiera Colombiana SA;CFV;18.04361;20/10/2033;A12;#N/A N/A;AT MATURITY;COP;#N/A N/A;#N/A N/A;#N/A N/A;20/07/2023;10.48049281;Normal;FLOATING
Interconexion Electrica SA ESP;ISACB;3.825;26/11/2033;REGS;BBB;CALL/SINK;USD;6.120711087;0.686978131;0.682491538;26/05/2023;10.58179329;Normal;FIXED
Interconexion Electrica SA ESP;ISACB;3.825;26/11/2033;144A;BBB;CALL/SINK;USD;6.139575375;0.686652564;0.682147964;26/05/2023;10.58179329;Normal;FIXED
Bogota Distrito Capital;BOGOTA;18.176375;2/12/2033;D12;#N/A N/A;AT MATURITY;COP;#N/A N/A;#N/A N/A;#N/A N/A;2/06/2023;10.5982204;Normal;FLOATING
Empresas Publicas de Medellin ESP;EEPPME;19.041002;4/12/2033;A;#N/A N/A;AT MATURITY;COP;#N/A N/A;#N/A N/A;#N/A N/A;4/06/2023;10.6036961;Normal;FLOATING
Celsia SA ESP;CELSIA;19.381022;11/12/2033;D20;#N/A N/A;AT MATURITY;COP;#N/A N/A;#N/A N/A;#N/A N/A;11/06/2023;10.62286105;Normal;FLOATING
Fideicomiso PA Costera;COSTER;6.75;15/01/2034;REGS;NR;SINKABLE;USD;8.913298341;0.229812183;0.228248599;15/07/2023;10.71868583;Long First;FIXED
Fideicomiso PA Costera;COSTER;6.25;15/01/2034;144A;NR;SINKABLE;COP;#N/A N/A;#N/A N/A;#N/A N/A;15/07/2023;10.71868583;Long First;FIXED
Fideicomiso PA Costera;COSTER;6.25;15/01/2034;REGS;NR;SINKABLE;COP;#N/A N/A;#N/A N/A;#N/A N/A;15/07/2023;10.71868583;Long First;FIXED
Fideicomiso PA Costera;COSTER;6.75;15/01/2034;144A;NR;SINKABLE;USD;8.913298341;0.229812183;0.228248599;15/07/2023;10.71868583;Long First;FIXED
Colombia Government International Bond;COLOM;7.5;2/02/2034;#N/A Field Not Applicable;BB+;CALLABLE;USD;8.15582933;0.667086424;0.664388977;2/08/2023;10.76796715;Normal;FIXED
Isagen SA ESP;ISAGEN;17.448704;6/06/2034;C;#N/A N/A;AT MATURITY;COP;#N/A N/A;#N/A N/A;#N/A N/A;6/06/2023;11.10746064;Normal;FLOATING
Grupo Bolivar SA;BOLI;18.27029;11/06/2034;C20;#N/A N/A;AT MATURITY;COP;#N/A N/A;#N/A N/A;#N/A N/A;11/06/2023;11.1211499;Normal;FLOATING
Empresas Publicas de Medellin ESP;EEPPME;18.4403;29/07/2034;A20a;#N/A N/A;AT MATURITY;COP;#N/A N/A;#N/A N/A;#N/A N/A;29/04/2023;11.25256674;Normal;FLOATING
Grupo Argos SA/Colombia;ARGOS;16.874;28/08/2034;C15;#N/A N/A;AT MATURITY;COP;#N/A N/A;#N/A N/A;#N/A N/A;28/05/2023;11.33470226;Normal;FLOATING
Bancolombia SA;BCOLO;18.768986;24/09/2034;D20;#N/A N/A;AT MATURITY;COP;#N/A N/A;#N/A N/A;#N/A N/A;24/06/2023;11.40862423;Normal;FLOATING
Colombia Government International Bond;COLOM;7.25;18/10/2034;REGS;#N/A N/A;AT MATURITY;COP;11.8859444;0.610803064;0.607411428;18/10/2023;11.47433265;Normal;FIXED
Colombian TES;COLTES;7.25;18/10/2034;B;BB+;AT MATURITY;COP;11.96015064;0.610714745;0.605289564;18/10/2023;11.47433265;Normal;FIXED
Colombia Government International Bond;COLOM;7.25;18/10/2034;144A;#N/A N/A;AT MATURITY;COP;11.8859444;0.610803064;0.607411428;18/10/2023;11.47433265;Normal;FIXED
Banco Bilbao Vizcaya Argentaria Colombia SA;BANGAN;18.4403;26/11/2034;G240;#N/A N/A;AT MATURITY;COP;#N/A N/A;#N/A N/A;#N/A N/A;26/05/2023;11.58110883;Normal;FLOATING
Fideicomiso PA Pacifico Tres;PACTRE;8.25;15/01/2035;REGS;NR;SINKABLE;USD;10.77711125;0.316950675;0.314651125;17/07/2023;11.71800137;Short First;FIXED
Fideicomiso PA Pacifico Tres;PACTRE;7;15/01/2035;REGS;NR;SINKABLE;COP;#N/A N/A;#N/A N/A;#N/A N/A;15/07/2023;11.71800137;Short First;FIXED
Fideicomiso PA Pacifico Tres;PACTRE;8.25;15/01/2035;144A;NR;SINKABLE;USD;10.77711125;0.316950675;0.314651125;17/07/2023;11.71800137;Short First;FIXED
Fideicomiso PA Pacifico Tres;PACTRE;7;15/01/2035;144A;NR;SINKABLE;COP;#N/A N/A;#N/A N/A;#N/A N/A;15/07/2023;11.71800137;Short First;FIXED
Organizacion Terpel SA;TERPCO;16.658825;26/02/2035;C15;#N/A N/A;AT MATURITY;COP;#N/A N/A;#N/A N/A;#N/A N/A;26/05/2023;11.8329911;Normal;FLOATING
Empresas Publicas de Medellin ESP;EEPPME;18.360962;19/03/2035;A20;#N/A N/A;AT MATURITY;COP;#N/A N/A;#N/A N/A;#N/A N/A;20/06/2023;11.89048597;Normal;FLOATING
Colombian TES;COLTES;4.75;4/04/2035;UVR;NR;AT MATURITY;COP;4.904145085;1.00475327;1.000945316;4/04/2024;11.93429158;Normal;FIXED
Interconexion Electrica SA ESP;ISACB;18.16505;7/05/2035;C20;#N/A N/A;AT MATURITY;COP;#N/A N/A;#N/A N/A;#N/A N/A;7/05/2023;12.02464066;Normal;FLOATING
Grupo Energia Bogota SA ESP;GEBCB;17.663936;25/06/2035;C15;#N/A N/A;AT MATURITY;COP;#N/A N/A;#N/A N/A;#N/A N/A;26/06/2023;12.15879535;Normal;FLOATING
Financiera de Desarrollo Nacional SA;FINENE;3.27;1/10/2035;F15;#N/A N/A;AT MATURITY;COP;#N/A N/A;#N/A N/A;#N/A N/A;1/10/2023;12.42710472;Normal;FIXED
Instituto Colombiano de Credito Educativo y Estudios Tecnicos en el Exterior;ICCEE;3.32;17/12/2035;M15;#N/A N/A;AT MATURITY;COP;#N/A N/A;#N/A N/A;#N/A N/A;17/12/2023;12.63791923;Normal;FIXED
UNE EPM Telecomunicaciones SA;UNEEPM;16.85135;16/02/2036;C15;#N/A N/A;AT MATURITY;COP;#N/A N/A;#N/A N/A;#N/A N/A;16/05/2023;12.80492813;Normal;FLOATING
Bogota Distrito Capital;BOGOTA;3.3;25/02/2036;O15;#N/A N/A;AT MATURITY;COP;#N/A N/A;#N/A N/A;#N/A N/A;25/02/2024;12.82956879;Normal;FIXED
UNE EPM Telecomunicaciones SA;UNEEPM;18.787925;26/05/2036;A20;#N/A N/A;AT MATURITY;COP;#N/A N/A;#N/A N/A;#N/A N/A;26/05/2023;13.07871321;Normal;FLOATING
PA Autopista Rio Magdalena;RIOMAG;6.05;15/06/2036;REGS;BB+;SINKABLE;COP;8.534902272;0.581114898;0.573173242;15/06/2023;13.13347023;Short First;FIXED
PA Autopista Rio Magdalena;RIOMAG;6.05;15/06/2036;144A;BB+;SINKABLE;COP;8.533131214;0.582536126;0.574580611;15/06/2023;13.13347023;Short First;FIXED
Colombia Government International Bond;COLOM;6.25;9/07/2036;REGS;NR;AT MATURITY;COP;11.882806;0.734195563;0.731304225;9/07/2023;13.19917864;Normal;FIXED
Colombia Government International Bond;COLOM;6.25;9/07/2036;144A;#N/A N/A;AT MATURITY;COP;11.882806;0.734195563;0.731304225;9/07/2023;13.19917864;Normal;FIXED
Colombian TES;COLTES;6.25;9/07/2036;B;NR;AT MATURITY;COP;11.931274;0.73229266;0.729331157;9/07/2023;13.19917864;Normal;FIXED
Promigas SA ESP;PROMIG;17.947136;8/09/2036;A20;#N/A N/A;AT MATURITY;COP;#N/A N/A;#N/A N/A;#N/A N/A;8/06/2023;13.36618754;Normal;FLOATING
Grupo Aval Acciones y Valores SA;AVALCB;17.949875;24/11/2036;A20;#N/A N/A;AT MATURITY;COP;#N/A N/A;#N/A N/A;#N/A N/A;24/05/2023;13.57700205;Normal;FLOATING
Instituto Colombiano de Credito Educativo y Estudios Tecnicos en el Exterior;ICCEE;4.36;15/12/2036;M15;#N/A N/A;AT MATURITY;COP;#N/A N/A;#N/A N/A;#N/A N/A;15/12/2023;13.63449692;Normal;FIXED
Colombian TES;COLTES;3.75;25/02/2037;UVR;NR;AT MATURITY;COP;4.97911643;1.329624131;1.320882412;25/02/2024;13.83162218;Normal;FIXED
Isagen SA ESP;ISAGEN;18.39155;3/03/2037;C15;#N/A N/A;AT MATURITY;COP;#N/A N/A;#N/A N/A;#N/A N/A;3/06/2023;13.84804928;Normal;FLOATING
Colombia Government International Bond;COLOM;7.375;18/09/2037;#N/A Field Not Applicable;BB+;AT MATURITY;USD;8.25066485;1.005136285;0.99876912;18/09/2023;14.39288159;Short First;FIXED
Cementos Argos SA;CEMCAR;17.856512;27/06/2038;C20;#N/A N/A;AT MATURITY;COP;#N/A N/A;#N/A N/A;#N/A N/A;27/06/2023;15.16495551;Normal;FLOATING
Empresa de Energia del Pacifico SA ESP;EPSACB;17.794262;24/04/2039;C;#N/A N/A;AT MATURITY;COP;#N/A N/A;#N/A N/A;#N/A N/A;24/07/2023;15.9890486;Normal;FLOATING
Corp Financiera Colombiana SA;CFV;17.66675;27/08/2039;A20;#N/A N/A;AT MATURITY;COP;#N/A N/A;#N/A N/A;#N/A N/A;27/05/2023;16.33127995;Normal;FLOATING
Bogota Distrito Capital;BOGOTA;3.33;24/10/2039;O20;#N/A N/A;AT MATURITY;COP;#N/A N/A;#N/A N/A;#N/A N/A;24/10/2023;16.49007529;Normal;FIXED
Grupo Aval Acciones y Valores SA;AVALCB;17.428925;14/11/2039;A20;#N/A N/A;AT MATURITY;COP;#N/A N/A;#N/A N/A;#N/A N/A;14/05/2023;16.54757016;Normal;FLOATING
Bogota Distrito Capital;BOGOTA;3.93;21/05/2040;O20;#N/A N/A;AT MATURITY;COP;#N/A N/A;#N/A N/A;#N/A N/A;21/05/2023;17.06502396;Normal;FIXED
Grupo de Inversiones Suramericana SA;GRUPOS;17.53085;11/08/2040;C20;#N/A N/A;AT MATURITY;COP;#N/A N/A;#N/A N/A;#N/A N/A;11/05/2023;17.28952772;Normal;FLOATING
Interconexion Electrica SA ESP;ISACB;3.67;13/08/2040;G20;#N/A N/A;AT MATURITY;COP;#N/A N/A;#N/A N/A;#N/A N/A;13/08/2023;17.29500342;Normal;FIXED
Ecopetrol SA;ECOPET;18.89366;1/12/2040;A30;#N/A N/A;AT MATURITY;COP;#N/A N/A;#N/A N/A;#N/A N/A;1/06/2023;17.59616701;Normal;FLOATING
Barranquilla Distrito Especial Industrial y Portuario;DIBACO;3.98;3/12/2040;C20;#N/A N/A;AT MATURITY;COP;#N/A N/A;#N/A N/A;#N/A N/A;3/12/2023;17.60164271;Normal;FIXED
Colombia Government International Bond;COLOM;6.125;18/01/2041;#N/A Field Not Applicable;BB+;AT MATURITY;USD;8.48989295;1.343786806;1.332974442;18/07/2023;17.72758385;Short First;FIXED
Interconexion Electrica SA ESP;ISACB;19.34285;16/02/2041;C25;#N/A N/A;AT MATURITY;COP;#N/A N/A;#N/A N/A;#N/A N/A;16/02/2024;17.80698152;Normal;FLOATING
Patrimonio Autonomo Union Del Sur;RUMIPA;6.66;28/02/2041;REGS;BB+;SINKABLE;COP;#N/A N/A;#N/A N/A;#N/A N/A;15/09/2023;17.83983573;Long First;FIXED
Patrimonio Autonomo Union Del Sur;RUMIPA;6.66;28/02/2041;144A;BB+;SINKABLE;COP;#N/A N/A;#N/A N/A;#N/A N/A;15/09/2023;17.83983573;Long First;FIXED
Isagen SA ESP;ISAGEN;18.289625;19/05/2041;C20;#N/A N/A;AT MATURITY;COP;#N/A N/A;#N/A N/A;#N/A N/A;19/05/2023;18.05886379;Normal;FLOATING
Interconexion Electrica SA ESP;ISACB;18.825656;1/12/2041;B;#N/A N/A;AT MATURITY;COP;#N/A N/A;#N/A N/A;#N/A N/A;1/06/2023;18.59548255;Normal;FLOATING
Bogota Distrito Capital;BOGOTA;4.53;2/12/2041;O20;#N/A N/A;AT MATURITY;COP;#N/A N/A;#N/A N/A;#N/A N/A;2/12/2023;18.5982204;Normal;FIXED
Colombia Government International Bond;COLOM;4.125;22/02/2042;#N/A Field Not Applicable;BB+;CALLABLE;USD;8.116282063;1.706163421;1.692112789;22/08/2023;18.82272416;Short First;FIXED
Grupo Energia Bogota SA ESP;GEBCB;17.8253;28/02/2042;A25;#N/A N/A;AT MATURITY;COP;#N/A N/A;#N/A N/A;#N/A N/A;28/05/2023;18.83915127;Normal;FLOATING
Interconexion Electrica SA ESP;ISACB;17.8736;18/04/2042;25C;#N/A N/A;AT MATURITY;COP;#N/A N/A;#N/A N/A;#N/A N/A;18/07/2023;18.97330595;Long First;FLOATING
Cementos Argos SA;CEMCAR;17.768675;24/05/2042;C25;#N/A N/A;AT MATURITY;COP;#N/A N/A;#N/A N/A;#N/A N/A;24/05/2023;19.07186858;Normal;FLOATING
Colombian TES;COLTES;9.25;28/05/2042;B;NR;AT MATURITY;COP;12.17035028;0.873499419;0.867451189;28/05/2023;19.08281999;Normal;FIXED
Colombia Government International Bond;COLOM;9.25;28/05/2042;reGS;#N/A N/A;AT MATURITY;COP;12.189686;0.874074218;0.865995113;28/05/2023;19.08281999;Normal;FIXED
Colombia Government International Bond;COLOM;9.25;28/05/2042;144A;#N/A N/A;AT MATURITY;COP;12.189686;0.874074218;0.865995113;28/05/2023;19.08281999;Normal;FIXED
Grupo Energia Bogota SA ESP;GEBCB;5.45;25/06/2042;E22;#N/A N/A;AT MATURITY;COP;#N/A N/A;#N/A N/A;#N/A N/A;25/06/2023;19.15947981;Normal;FIXED
Grupo Aval Acciones y Valores SA;AVALCB;17.799872;28/06/2042;A25;#N/A N/A;AT MATURITY;COP;#N/A N/A;#N/A N/A;#N/A N/A;28/06/2023;19.16769336;Normal;FLOATING
Gases de Occidente SA ESP;OCCICO;17.9159;2/03/2043;A25;#N/A N/A;AT MATURITY;COP;#N/A N/A;#N/A N/A;#N/A N/A;2/06/2023;19.84394251;Normal;FLOATING
Organizacion Terpel SA;TERPCO;17.833856;7/06/2043;C25;#N/A N/A;AT MATURITY;COP;#N/A N/A;#N/A N/A;#N/A N/A;7/06/2023;20.10951403;Normal;FLOATING
Interconexion Electrica SA ESP;ISACB;17.952938;25/07/2043;C25;#N/A N/A;AT MATURITY;COP;#N/A N/A;#N/A N/A;#N/A N/A;25/07/2023;20.24093087;Normal;FLOATING
Ecopetrol SA;ECOPET;19.17701;27/08/2043;C30;#N/A N/A;AT MATURITY;COP;#N/A N/A;#N/A N/A;#N/A N/A;28/08/2023;20.33127995;Normal;FLOATING
Pei Asset Management SAS;PEICOL;17.7347;28/08/2043;C25;#N/A N/A;AT MATURITY;COP;#N/A N/A;#N/A N/A;#N/A N/A;29/05/2023;20.3340178;Normal;FLOATING
Ecopetrol SA;ECOPET;7.375;18/09/2043;#N/A Field Not Applicable;BB+;AT MATURITY;USD;9.530293249;1.364130643;1.35454055;18/09/2023;20.39151266;Normal;FIXED
Fideicomiso PA Concesion Ruta al Mar;RUTMAR;6.75;15/02/2044;REGS;BB+;SINKABLE;COP;#N/A N/A;#N/A N/A;#N/A N/A;15/08/2023;20.80219028;Long First;FIXED
Fideicomiso PA Concesion Ruta al Mar;RUTMAR;6.75;15/02/2044;144A;BB+;SINKABLE;COP;#N/A N/A;#N/A N/A;#N/A N/A;15/08/2023;20.80219028;Long First;FIXED
Colombia Government International Bond;COLOM;5.625;26/02/2044;#N/A Field Not Applicable;BB+;CALLABLE;USD;8.43279854;1.667377131;1.652210365;26/08/2023;20.83230664;Long First;FIXED
City of Medellin Colombia;MEDELL;#N/A N/A;26/08/2044;A30a;#N/A N/A;AT MATURITY;COP;#N/A N/A;#N/A N/A;#N/A N/A;26/05/2023;21.33059548;Normal;FLOATING
Pei Asset Management SAS;PEICOL;17.635586;7/11/2044;C25;#N/A N/A;AT MATURITY;COP;#N/A N/A;#N/A N/A;#N/A N/A;7/05/2023;21.53045859;Normal;FLOATING
Organizacion Terpel SA;TERPCO;17.1005;26/02/2045;C25;#N/A N/A;AT MATURITY;COP;#N/A N/A;#N/A N/A;#N/A N/A;26/05/2023;21.83436003;Normal;FLOATING
Patrimonio Autonomo Montes de Maria;PHIERR;4.1;15/05/2045;REGS;AA;CALL/SINK;COP;5.150849897;0.805768934;0.798491783;15/05/2023;22.04791239;Short First;FIXED
Patrimonio Autonomo Montes de Maria;PHIERR;4.1;15/05/2045;144A;AA;CALL/SINK;COP;5.150849897;0.805768926;0.798491776;15/05/2023;22.04791239;Short First;FIXED
Ecopetrol SA;ECOPET;5.875;28/05/2045;#N/A Field Not Applicable;BB+;AT MATURITY;USD;9.713134785;1.512508967;1.505649764;28/05/2023;22.08350445;Normal;FIXED
Colombia Government International Bond;COLOM;5;15/06/2045;#N/A Field Not Applicable;BB+;CALLABLE;USD;8.305829094;1.835902184;1.822258746;15/06/2023;22.13278576;Short First;FIXED
Grupo Energia Bogota SA ESP;GEBCB;3.99;25/06/2045;E25;#N/A N/A;AT MATURITY;COP;#N/A N/A;#N/A N/A;#N/A N/A;25/06/2023;22.16016427;Normal;FIXED
Isagen SA ESP;ISAGEN;17.66675;27/08/2045;C25;#N/A N/A;AT MATURITY;COP;#N/A N/A;#N/A N/A;#N/A N/A;29/05/2023;22.33264887;Normal;FLOATING
Grupo Bolivar SA;BOLI;3.79;27/10/2045;E25;#N/A N/A;AT MATURITY;COP;#N/A N/A;#N/A N/A;#N/A N/A;27/10/2023;22.49965777;Normal;FIXED
Promigas SA ESP;PROMIG;3.77;19/11/2045;D25;#N/A N/A;AT MATURITY;COP;#N/A N/A;#N/A N/A;#N/A N/A;19/11/2023;22.56262834;Normal;FIXED
Bogota Distrito Capital;BOGOTA;3.85;25/02/2046;O25;#N/A N/A;AT MATURITY;COP;#N/A N/A;#N/A N/A;#N/A N/A;25/02/2024;22.83093771;Normal;FIXED
Grupo Energia Bogota SA ESP;GEBCB;17.89325;28/02/2047;A30;#N/A N/A;AT MATURITY;COP;#N/A N/A;#N/A N/A;#N/A N/A;28/05/2023;23.8384668;Normal;FLOATING
Interconexion Electrica SA ESP;ISACB;17.75735;28/11/2047;C30;#N/A N/A;AT MATURITY;COP;#N/A N/A;#N/A N/A;#N/A N/A;28/05/2023;24.58590007;Normal;FLOATING
Isagen SA ESP;ISAGEN;17.768675;27/02/2048;C30;#N/A N/A;AT MATURITY;COP;#N/A N/A;#N/A N/A;#N/A N/A;27/05/2023;24.83504449;Normal;FLOATING
Bogota Distrito Capital;BOGOTA;3.49;24/10/2048;O29;#N/A N/A;AT MATURITY;COP;#N/A N/A;#N/A N/A;#N/A N/A;24/10/2023;25.49212868;Normal;FIXED
Colombia Government International Bond;COLOM;5.2;15/05/2049;#N/A Field Not Applicable;BB+;CALLABLE;USD;8.277506788;2.088368411;2.063949523;15/05/2023;26.04791239;Short First;FIXED
Isagen SA ESP;ISAGEN;17.777216;6/06/2049;C;#N/A N/A;AT MATURITY;COP;#N/A N/A;#N/A N/A;#N/A N/A;6/06/2023;26.10814511;Normal;FLOATING
Colombian TES;COLTES;3.75;16/06/2049;UVR;NR;AT MATURITY;COP;4.950336893;3.225900282;3.155382196;16/06/2023;26.13552361;Normal;FIXED
Grupo de Inversiones Suramericana SA;GRUPOS;21.15485;25/11/2049;C40;#N/A N/A;AT MATURITY;COP;#N/A N/A;#N/A N/A;#N/A N/A;25/05/2023;26.57905544;Normal;FLOATING
Colombia Government International Bond;COLOM;7.25;26/10/2050;REGS;NR;AT MATURITY;COP;12.06556661;1.220040052;1.208686631;26/10/2023;27.49623546;Normal;FIXED
Colombian TES;COLTES;7.25;26/10/2050;B;BB+;AT MATURITY;COP;12.11814312;1.215248268;1.203140009;26/10/2023;27.49623546;Normal;FIXED
Colombia Government International Bond;COLOM;7.25;26/10/2050;144A;NR;AT MATURITY;COP;12.06503003;1.222181796;1.210815728;26/10/2023;27.49623546;Normal;FIXED
Colombia Government International Bond;COLOM;4.125;15/05/2051;#N/A Field Not Applicable;BB+;CALLABLE;USD;7.751976694;2.559814053;2.526761569;15/05/2023;28.04654346;Short First;FIXED
Ecopetrol SA;ECOPET;5.875;2/11/2051;#N/A Field Not Applicable;BB+;CALLABLE;USD;9.625676981;1.890304498;1.870463776;2/11/2023;28.51471595;Normal;FIXED
Colombia Government International Bond;COLOM;3.875;15/02/2061;#N/A Field Not Applicable;BB+;CALLABLE;USD;7.491686302;3.336605838;3.275630923;15/08/2023;37.80424367;Long First;FIXED
